SITE_ID,GROUP_ID,VARIABLE_GROUP,VARIABLE,DATAVALUE
AR-TF1,1450,GRP_ONEFLUX,PRODUCT_FIRST_YEAR,2016
AR-TF1,1450,GRP_ONEFLUX,PRODUCT_LAST_YEAR,2018
AR-TF1,1450,GRP_ONEFLUX,PRODUCT_NAME,AMF_AR-TF1_FLUXNET_2016-2018_v1.3_r1.zip
AR-TF1,1450,GRP_ONEFLUX,PRODUCT_ONEFLUX_VERSION,1.3.2-rc
AR-TF1,1450,GRP_ONEFLUX,PRODUCT_PROCESSING_CENTER,AMP
AR-TF1,1450,GRP_ONEFLUX,PRODUCT_PROCESSING_DATE,20251213
AR-TF1,1450,GRP_ONEFLUX,PRODUCT_SOURCE_NETWORK,AMF
AR-TF1,1450,GRP_ONEFLUX,PRODUCT_TIME_RESOLUTION,HH
AR-TF1,1451,TOWER_POWER,TOWER_POWER,Wind generator
AR-TF1,1452,SITE_FUNDING,SITE_FUNDING,DFG
AR-TF1,1453,FLUX_MEASUREMENTS,FLUX_MEASUREMENTS_DATE_END,201805171700
AR-TF1,1453,FLUX_MEASUREMENTS,FLUX_MEASUREMENTS_DATE_START,201601311800
AR-TF1,1453,FLUX_MEASUREMENTS,FLUX_MEASUREMENTS_METHOD,Eddy Covariance
AR-TF1,1453,FLUX_MEASUREMENTS,FLUX_MEASUREMENTS_OPERATIONS,Continuous operation
AR-TF1,1453,FLUX_MEASUREMENTS,FLUX_MEASUREMENTS_VARIABLE,H2O
AR-TF1,1454,LAND_OWNERSHIP,LAND_OWNERSHIP,public
AR-TF1,1455,UTC_OFFSET,UTC_OFFSET,-3
AR-TF1,1456,FLUX_MEASUREMENTS,FLUX_MEASUREMENTS_DATE_END,201805171700
AR-TF1,1456,FLUX_MEASUREMENTS,FLUX_MEASUREMENTS_DATE_START,201601311800
AR-TF1,1456,FLUX_MEASUREMENTS,FLUX_MEASUREMENTS_METHOD,Eddy Covariance
AR-TF1,1456,FLUX_MEASUREMENTS,FLUX_MEASUREMENTS_OPERATIONS,Continuous operation
AR-TF1,1456,FLUX_MEASUREMENTS,FLUX_MEASUREMENTS_VARIABLE,CO2
AR-TF1,1457,TEAM_MEMBER,TEAM_MEMBER_EMAIL,lars.kutzbach@uni-hamburg.de
AR-TF1,1457,TEAM_MEMBER,TEAM_MEMBER_INSTITUTION,Universität Hamburg
AR-TF1,1457,TEAM_MEMBER,TEAM_MEMBER_NAME,Lars Kutzbach
AR-TF1,1457,TEAM_MEMBER,TEAM_MEMBER_ROLE,PI
AR-TF1,1458,LOCATION,LOCATION_ELEV,40
AR-TF1,1458,LOCATION,LOCATION_LAT,-54.9733
AR-TF1,1458,LOCATION,LOCATION_LONG,-66.7335
AR-TF1,1459,SITE_DESC,SITE_DESC,Astelia pumila and Donatia fascicularis dominated cushion bog
AR-TF1,1460,TOWER_TYPE,TOWER_TYPE,tripod
AR-TF1,1461,FLUX_MEASUREMENTS,FLUX_MEASUREMENTS_DATE_END,201805171700
AR-TF1,1461,FLUX_MEASUREMENTS,FLUX_MEASUREMENTS_DATE_START,201601311800
AR-TF1,1461,FLUX_MEASUREMENTS,FLUX_MEASUREMENTS_METHOD,Eddy Covariance
AR-TF1,1461,FLUX_MEASUREMENTS,FLUX_MEASUREMENTS_OPERATIONS,Continuous operation
AR-TF1,1461,FLUX_MEASUREMENTS,FLUX_MEASUREMENTS_VARIABLE,H
AR-TF1,1462,RESEARCH_TOPIC,RESEARCH_TOPIC,Carbon dioxide and energy exchange
AR-TF1,1463,TOWER_POWER,TOWER_POWER,Solar panels
AR-TF1,1464,SHIPPING_ADDRESS,SHIPPING_ADDRESS,Veronica PancottoCentro Austral de Investigaciones CientíficasCADIC-CONICETBernardo Houssay 200 (V9410BFD) UshuaiaTierra del Fuego- ARGENTINA
AR-TF1,1465,SITE_CHAR,ASPECT,FLAT
AR-TF1,1465,SITE_CHAR,SURFACE_HOMOGENEITY,200
AR-TF1,1465,SITE_CHAR,TERRAIN,Flat
AR-TF1,1465,SITE_CHAR,WIND_DIRECTION,NNW
AR-TF1,1466,TEAM_MEMBER,TEAM_MEMBER_EMAIL,david.holl@uni-hamburg.de
AR-TF1,1466,TEAM_MEMBER,TEAM_MEMBER_INSTITUTION,Universität Hamburg
AR-TF1,1466,TEAM_MEMBER,TEAM_MEMBER_NAME,David Holl
AR-TF1,1466,TEAM_MEMBER,TEAM_MEMBER_ROLE,DataManager
AR-TF1,1467,NETWORK,NETWORK,AmeriFlux
AR-TF1,1468,IGBP,IGBP,WET
AR-TF1,1468,IGBP,IGBP_COMMENT,"Astelia pumila and Donatia fascicularis dominated. Also: Caltha dioneifolia, C. appendiculata, Carex antarctica, Drosera uniflora, Empetrum rubrum, Tetroncium magellanicum} and stunted Nothofagus spp."
AR-TF1,1469,TEAM_MEMBER,TEAM_MEMBER_EMAIL,pancotto@cadic-conicet.gob.ar
AR-TF1,1469,TEAM_MEMBER,TEAM_MEMBER_INSTITUTION,CADIC-CONICET
AR-TF1,1469,TEAM_MEMBER,TEAM_MEMBER_NAME,Veronica Pancotto
AR-TF1,1469,TEAM_MEMBER,TEAM_MEMBER_ROLE,PI
AR-TF1,1470,HEADER,SITE_NAME,Rio Moat bog
AR-TF1,1471,URL_AMERIFLUX,URL_AMERIFLUX,https://ameriflux.lbl.gov/sites/siteinfo/AR-TF1
AR-TF1,1472,COUNTRY,COUNTRY,Argentina
AR-TF1,1473,GRP_ERA_DOWN,ERA_CORRELATION,0.85
AR-TF1,1473,GRP_ERA_DOWN,ERA_INTERCEPT,0.0
AR-TF1,1473,GRP_ERA_DOWN,ERA_RMSE,0.47
AR-TF1,1473,GRP_ERA_DOWN,ERA_SLOPE,1.0
AR-TF1,1473,GRP_ERA_DOWN,ERA_VARIABLE,TA
AR-TF1,1474,GRP_ERA_DOWN,ERA_CORRELATION,0.87
AR-TF1,1474,GRP_ERA_DOWN,ERA_INTERCEPT,-0.0
AR-TF1,1474,GRP_ERA_DOWN,ERA_RMSE,0.14
AR-TF1,1474,GRP_ERA_DOWN,ERA_SLOPE,1.0
AR-TF1,1474,GRP_ERA_DOWN,ERA_VARIABLE,PA
AR-TF1,1475,GRP_ERA_DOWN,ERA_CORRELATION,0.79
AR-TF1,1475,GRP_ERA_DOWN,ERA_INTERCEPT,0.0
AR-TF1,1475,GRP_ERA_DOWN,ERA_RMSE,0.29
AR-TF1,1475,GRP_ERA_DOWN,ERA_SLOPE,1.0
AR-TF1,1475,GRP_ERA_DOWN,ERA_VARIABLE,VPD
AR-TF1,1476,GRP_ERA_DOWN,ERA_CORRELATION,0.71
AR-TF1,1476,GRP_ERA_DOWN,ERA_INTERCEPT,0.16
AR-TF1,1476,GRP_ERA_DOWN,ERA_RMSE,0.36
AR-TF1,1476,GRP_ERA_DOWN,ERA_SLOPE,1.0
AR-TF1,1476,GRP_ERA_DOWN,ERA_VARIABLE,WS
AR-TF1,1477,GRP_ERA_DOWN,ERA_CORRELATION,-9999.0
AR-TF1,1477,GRP_ERA_DOWN,ERA_INTERCEPT,-9999.0
AR-TF1,1477,GRP_ERA_DOWN,ERA_RMSE,-9999.0
AR-TF1,1477,GRP_ERA_DOWN,ERA_SLOPE,-9999.0
AR-TF1,1477,GRP_ERA_DOWN,ERA_VARIABLE,P
AR-TF1,1478,GRP_ERA_DOWN,ERA_CORRELATION,0.84
AR-TF1,1478,GRP_ERA_DOWN,ERA_INTERCEPT,6.01
AR-TF1,1478,GRP_ERA_DOWN,ERA_RMSE,22.38
AR-TF1,1478,GRP_ERA_DOWN,ERA_SLOPE,1.0
AR-TF1,1478,GRP_ERA_DOWN,ERA_VARIABLE,SW_IN
AR-TF1,1479,GRP_ERA_DOWN,ERA_CORRELATION,-9999.0
AR-TF1,1479,GRP_ERA_DOWN,ERA_INTERCEPT,-9999.0
AR-TF1,1479,GRP_ERA_DOWN,ERA_RMSE,-9999.0
AR-TF1,1479,GRP_ERA_DOWN,ERA_SLOPE,-9999.0
AR-TF1,1479,GRP_ERA_DOWN,ERA_VARIABLE,LW_IN
AR-TF1,1480,GRP_ERA_DOWN,ERA_CORRELATION,0.66
AR-TF1,1480,GRP_ERA_DOWN,ERA_INTERCEPT,0.0
AR-TF1,1480,GRP_ERA_DOWN,ERA_RMSE,5.31
AR-TF1,1480,GRP_ERA_DOWN,ERA_SLOPE,1.0
AR-TF1,1480,GRP_ERA_DOWN,ERA_VARIABLE,LW_IN_JSB
AR-TF1,1481,GRP_UST_THR,USTAR_MP_SUCCESS_RUN,1.0
AR-TF1,1481,GRP_UST_THR,USTAR_MP_SUCCESS_RUN_YEAR,2016
AR-TF1,1482,GRP_UST_THR,USTAR_MP_SUCCESS_RUN,1.0
AR-TF1,1482,GRP_UST_THR,USTAR_MP_SUCCESS_RUN_YEAR,2017
AR-TF1,1483,GRP_UST_THR,USTAR_MP_SUCCESS_RUN,1.0
AR-TF1,1483,GRP_UST_THR,USTAR_MP_SUCCESS_RUN_YEAR,2018
AR-TF1,1484,GRP_UST_THR,USTAR_CP_SUCCESS_RUN,1.0
AR-TF1,1484,GRP_UST_THR,USTAR_CP_SUCCESS_RUN_YEAR,2016
AR-TF1,1485,GRP_UST_THR,USTAR_CP_SUCCESS_RUN,1.0
AR-TF1,1485,GRP_UST_THR,USTAR_CP_SUCCESS_RUN_YEAR,2017
AR-TF1,1486,GRP_UST_THR,USTAR_CP_SUCCESS_RUN,0.0
AR-TF1,1486,GRP_UST_THR,USTAR_CP_SUCCESS_RUN_YEAR,2018
AR-TF1,1487,GRP_UST_THR,USTAR_PERCENTILE,1.25
AR-TF1,1487,GRP_UST_THR,USTAR_THRESHOLD,0.08992739999999999
AR-TF1,1487,GRP_UST_THR,USTAR_VERSION,CUT
AR-TF1,1488,GRP_UST_THR,USTAR_PERCENTILE,3.75
AR-TF1,1488,GRP_UST_THR,USTAR_THRESHOLD,0.101336
AR-TF1,1488,GRP_UST_THR,USTAR_VERSION,CUT
AR-TF1,1489,GRP_UST_THR,USTAR_PERCENTILE,6.25
AR-TF1,1489,GRP_UST_THR,USTAR_THRESHOLD,0.11292100000000001
AR-TF1,1489,GRP_UST_THR,USTAR_VERSION,CUT
AR-TF1,1490,GRP_UST_THR,USTAR_PERCENTILE,8.75
AR-TF1,1490,GRP_UST_THR,USTAR_THRESHOLD,0.125083
AR-TF1,1490,GRP_UST_THR,USTAR_VERSION,CUT
AR-TF1,1491,GRP_UST_THR,USTAR_PERCENTILE,11.25
AR-TF1,1491,GRP_UST_THR,USTAR_THRESHOLD,0.130214
AR-TF1,1491,GRP_UST_THR,USTAR_VERSION,CUT
AR-TF1,1492,GRP_UST_THR,USTAR_PERCENTILE,13.75
AR-TF1,1492,GRP_UST_THR,USTAR_THRESHOLD,0.134574
AR-TF1,1492,GRP_UST_THR,USTAR_VERSION,CUT
AR-TF1,1493,GRP_UST_THR,USTAR_PERCENTILE,16.25
AR-TF1,1493,GRP_UST_THR,USTAR_THRESHOLD,0.14023
AR-TF1,1493,GRP_UST_THR,USTAR_VERSION,CUT
AR-TF1,1494,GRP_UST_THR,USTAR_PERCENTILE,18.75
AR-TF1,1494,GRP_UST_THR,USTAR_THRESHOLD,0.144025
AR-TF1,1494,GRP_UST_THR,USTAR_VERSION,CUT
AR-TF1,1495,GRP_UST_THR,USTAR_PERCENTILE,21.25
AR-TF1,1495,GRP_UST_THR,USTAR_THRESHOLD,0.146596
AR-TF1,1495,GRP_UST_THR,USTAR_VERSION,CUT
AR-TF1,1496,GRP_UST_THR,USTAR_PERCENTILE,23.75
AR-TF1,1496,GRP_UST_THR,USTAR_THRESHOLD,0.151375
AR-TF1,1496,GRP_UST_THR,USTAR_VERSION,CUT
AR-TF1,1497,GRP_UST_THR,USTAR_PERCENTILE,26.25
AR-TF1,1497,GRP_UST_THR,USTAR_THRESHOLD,0.15879300000000002
AR-TF1,1497,GRP_UST_THR,USTAR_VERSION,CUT
AR-TF1,1498,GRP_UST_THR,USTAR_PERCENTILE,28.75
AR-TF1,1498,GRP_UST_THR,USTAR_THRESHOLD,0.162854
AR-TF1,1498,GRP_UST_THR,USTAR_VERSION,CUT
AR-TF1,1499,GRP_UST_THR,USTAR_PERCENTILE,31.25
AR-TF1,1499,GRP_UST_THR,USTAR_THRESHOLD,0.16539700000000002
AR-TF1,1499,GRP_UST_THR,USTAR_VERSION,CUT
AR-TF1,1500,GRP_UST_THR,USTAR_PERCENTILE,33.75
AR-TF1,1500,GRP_UST_THR,USTAR_THRESHOLD,0.167504
AR-TF1,1500,GRP_UST_THR,USTAR_VERSION,CUT
AR-TF1,1501,GRP_UST_THR,USTAR_PERCENTILE,36.25
AR-TF1,1501,GRP_UST_THR,USTAR_THRESHOLD,0.172899
AR-TF1,1501,GRP_UST_THR,USTAR_VERSION,CUT
AR-TF1,1502,GRP_UST_THR,USTAR_PERCENTILE,38.75
AR-TF1,1502,GRP_UST_THR,USTAR_THRESHOLD,0.17716500000000002
AR-TF1,1502,GRP_UST_THR,USTAR_VERSION,CUT
AR-TF1,1503,GRP_UST_THR,USTAR_PERCENTILE,41.25
AR-TF1,1503,GRP_UST_THR,USTAR_THRESHOLD,0.17949400000000001
AR-TF1,1503,GRP_UST_THR,USTAR_VERSION,CUT
AR-TF1,1504,GRP_UST_THR,USTAR_PERCENTILE,43.75
AR-TF1,1504,GRP_UST_THR,USTAR_THRESHOLD,0.184641
AR-TF1,1504,GRP_UST_THR,USTAR_VERSION,CUT
AR-TF1,1505,GRP_UST_THR,USTAR_PERCENTILE,46.25
AR-TF1,1505,GRP_UST_THR,USTAR_THRESHOLD,0.18801800000000002
AR-TF1,1505,GRP_UST_THR,USTAR_VERSION,CUT
AR-TF1,1506,GRP_UST_THR,USTAR_PERCENTILE,48.75
AR-TF1,1506,GRP_UST_THR,USTAR_THRESHOLD,0.19107000000000002
AR-TF1,1506,GRP_UST_THR,USTAR_VERSION,CUT
AR-TF1,1507,GRP_UST_THR,USTAR_PERCENTILE,50.0
AR-TF1,1507,GRP_UST_THR,USTAR_THRESHOLD,0.19298900000000002
AR-TF1,1507,GRP_UST_THR,USTAR_VERSION,CUT
AR-TF1,1508,GRP_UST_THR,USTAR_PERCENTILE,51.25
AR-TF1,1508,GRP_UST_THR,USTAR_THRESHOLD,0.193497
AR-TF1,1508,GRP_UST_THR,USTAR_VERSION,CUT
AR-TF1,1509,GRP_UST_THR,USTAR_PERCENTILE,53.75
AR-TF1,1509,GRP_UST_THR,USTAR_THRESHOLD,0.197707
AR-TF1,1509,GRP_UST_THR,USTAR_VERSION,CUT
AR-TF1,1510,GRP_UST_THR,USTAR_PERCENTILE,56.25
AR-TF1,1510,GRP_UST_THR,USTAR_THRESHOLD,0.201206
AR-TF1,1510,GRP_UST_THR,USTAR_VERSION,CUT
AR-TF1,1511,GRP_UST_THR,USTAR_PERCENTILE,58.75
AR-TF1,1511,GRP_UST_THR,USTAR_THRESHOLD,0.205197
AR-TF1,1511,GRP_UST_THR,USTAR_VERSION,CUT
AR-TF1,1512,GRP_UST_THR,USTAR_PERCENTILE,61.25
AR-TF1,1512,GRP_UST_THR,USTAR_THRESHOLD,0.208871
AR-TF1,1512,GRP_UST_THR,USTAR_VERSION,CUT
AR-TF1,1513,GRP_UST_THR,USTAR_PERCENTILE,63.75
AR-TF1,1513,GRP_UST_THR,USTAR_THRESHOLD,0.21474000000000001
AR-TF1,1513,GRP_UST_THR,USTAR_VERSION,CUT
AR-TF1,1514,GRP_UST_THR,USTAR_PERCENTILE,66.25
AR-TF1,1514,GRP_UST_THR,USTAR_THRESHOLD,0.218788
AR-TF1,1514,GRP_UST_THR,USTAR_VERSION,CUT
AR-TF1,1515,GRP_UST_THR,USTAR_PERCENTILE,68.75
AR-TF1,1515,GRP_UST_THR,USTAR_THRESHOLD,0.22102399999999997
AR-TF1,1515,GRP_UST_THR,USTAR_VERSION,CUT
AR-TF1,1516,GRP_UST_THR,USTAR_PERCENTILE,71.25
AR-TF1,1516,GRP_UST_THR,USTAR_THRESHOLD,0.228685
AR-TF1,1516,GRP_UST_THR,USTAR_VERSION,CUT
AR-TF1,1517,GRP_UST_THR,USTAR_PERCENTILE,73.75
AR-TF1,1517,GRP_UST_THR,USTAR_THRESHOLD,0.23433600000000002
AR-TF1,1517,GRP_UST_THR,USTAR_VERSION,CUT
AR-TF1,1518,GRP_UST_THR,USTAR_PERCENTILE,76.25
AR-TF1,1518,GRP_UST_THR,USTAR_THRESHOLD,0.238691
AR-TF1,1518,GRP_UST_THR,USTAR_VERSION,CUT
AR-TF1,1519,GRP_UST_THR,USTAR_PERCENTILE,78.75
AR-TF1,1519,GRP_UST_THR,USTAR_THRESHOLD,0.24391500000000002
AR-TF1,1519,GRP_UST_THR,USTAR_VERSION,CUT
AR-TF1,1520,GRP_UST_THR,USTAR_PERCENTILE,81.25
AR-TF1,1520,GRP_UST_THR,USTAR_THRESHOLD,0.24661100000000002
AR-TF1,1520,GRP_UST_THR,USTAR_VERSION,CUT
AR-TF1,1521,GRP_UST_THR,USTAR_PERCENTILE,83.75
AR-TF1,1521,GRP_UST_THR,USTAR_THRESHOLD,0.255407
AR-TF1,1521,GRP_UST_THR,USTAR_VERSION,CUT
AR-TF1,1522,GRP_UST_THR,USTAR_PERCENTILE,86.25
AR-TF1,1522,GRP_UST_THR,USTAR_THRESHOLD,0.260473
AR-TF1,1522,GRP_UST_THR,USTAR_VERSION,CUT
AR-TF1,1523,GRP_UST_THR,USTAR_PERCENTILE,88.75
AR-TF1,1523,GRP_UST_THR,USTAR_THRESHOLD,0.27613200000000004
AR-TF1,1523,GRP_UST_THR,USTAR_VERSION,CUT
AR-TF1,1524,GRP_UST_THR,USTAR_PERCENTILE,91.25
AR-TF1,1524,GRP_UST_THR,USTAR_THRESHOLD,0.28166199999999997
AR-TF1,1524,GRP_UST_THR,USTAR_VERSION,CUT
AR-TF1,1525,GRP_UST_THR,USTAR_PERCENTILE,93.75
AR-TF1,1525,GRP_UST_THR,USTAR_THRESHOLD,0.295018
AR-TF1,1525,GRP_UST_THR,USTAR_VERSION,CUT
AR-TF1,1526,GRP_UST_THR,USTAR_PERCENTILE,96.25
AR-TF1,1526,GRP_UST_THR,USTAR_THRESHOLD,0.307258
AR-TF1,1526,GRP_UST_THR,USTAR_VERSION,CUT
AR-TF1,1527,GRP_UST_THR,USTAR_PERCENTILE,98.75
AR-TF1,1527,GRP_UST_THR,USTAR_THRESHOLD,0.329757
AR-TF1,1527,GRP_UST_THR,USTAR_VERSION,CUT
AR-TF1,1528,GRP_UST_THR,USTAR_PERCENTILE,1.25
AR-TF1,1528,GRP_UST_THR,USTAR_PERCENTILE_YEAR,2016
AR-TF1,1528,GRP_UST_THR,USTAR_THRESHOLD,0.08854930000000001
AR-TF1,1528,GRP_UST_THR,USTAR_VERSION,VUT
AR-TF1,1529,GRP_UST_THR,USTAR_PERCENTILE,3.75
AR-TF1,1529,GRP_UST_THR,USTAR_PERCENTILE_YEAR,2016
AR-TF1,1529,GRP_UST_THR,USTAR_THRESHOLD,0.100225
AR-TF1,1529,GRP_UST_THR,USTAR_VERSION,VUT
AR-TF1,1530,GRP_UST_THR,USTAR_PERCENTILE,6.25
AR-TF1,1530,GRP_UST_THR,USTAR_PERCENTILE_YEAR,2016
AR-TF1,1530,GRP_UST_THR,USTAR_THRESHOLD,0.10948
AR-TF1,1530,GRP_UST_THR,USTAR_VERSION,VUT
AR-TF1,1531,GRP_UST_THR,USTAR_PERCENTILE,8.75
AR-TF1,1531,GRP_UST_THR,USTAR_PERCENTILE_YEAR,2016
AR-TF1,1531,GRP_UST_THR,USTAR_THRESHOLD,0.118051
AR-TF1,1531,GRP_UST_THR,USTAR_VERSION,VUT
AR-TF1,1532,GRP_UST_THR,USTAR_PERCENTILE,11.25
AR-TF1,1532,GRP_UST_THR,USTAR_PERCENTILE_YEAR,2016
AR-TF1,1532,GRP_UST_THR,USTAR_THRESHOLD,0.12663
AR-TF1,1532,GRP_UST_THR,USTAR_VERSION,VUT
AR-TF1,1533,GRP_UST_THR,USTAR_PERCENTILE,13.75
AR-TF1,1533,GRP_UST_THR,USTAR_PERCENTILE_YEAR,2016
AR-TF1,1533,GRP_UST_THR,USTAR_THRESHOLD,0.131768
AR-TF1,1533,GRP_UST_THR,USTAR_VERSION,VUT
AR-TF1,1534,GRP_UST_THR,USTAR_PERCENTILE,16.25
AR-TF1,1534,GRP_UST_THR,USTAR_PERCENTILE_YEAR,2016
AR-TF1,1534,GRP_UST_THR,USTAR_THRESHOLD,0.13633
AR-TF1,1534,GRP_UST_THR,USTAR_VERSION,VUT
AR-TF1,1535,GRP_UST_THR,USTAR_PERCENTILE,18.75
AR-TF1,1535,GRP_UST_THR,USTAR_PERCENTILE_YEAR,2016
AR-TF1,1535,GRP_UST_THR,USTAR_THRESHOLD,0.142155
AR-TF1,1535,GRP_UST_THR,USTAR_VERSION,VUT
AR-TF1,1536,GRP_UST_THR,USTAR_PERCENTILE,21.25
AR-TF1,1536,GRP_UST_THR,USTAR_PERCENTILE_YEAR,2016
AR-TF1,1536,GRP_UST_THR,USTAR_THRESHOLD,0.145037
AR-TF1,1536,GRP_UST_THR,USTAR_VERSION,VUT
AR-TF1,1537,GRP_UST_THR,USTAR_PERCENTILE,23.75
AR-TF1,1537,GRP_UST_THR,USTAR_PERCENTILE_YEAR,2016
AR-TF1,1537,GRP_UST_THR,USTAR_THRESHOLD,0.14846600000000001
AR-TF1,1537,GRP_UST_THR,USTAR_VERSION,VUT
AR-TF1,1538,GRP_UST_THR,USTAR_PERCENTILE,26.25
AR-TF1,1538,GRP_UST_THR,USTAR_PERCENTILE_YEAR,2016
AR-TF1,1538,GRP_UST_THR,USTAR_THRESHOLD,0.156728
AR-TF1,1538,GRP_UST_THR,USTAR_VERSION,VUT
AR-TF1,1539,GRP_UST_THR,USTAR_PERCENTILE,28.75
AR-TF1,1539,GRP_UST_THR,USTAR_PERCENTILE_YEAR,2016
AR-TF1,1539,GRP_UST_THR,USTAR_THRESHOLD,0.162619
AR-TF1,1539,GRP_UST_THR,USTAR_VERSION,VUT
AR-TF1,1540,GRP_UST_THR,USTAR_PERCENTILE,31.25
AR-TF1,1540,GRP_UST_THR,USTAR_PERCENTILE_YEAR,2016
AR-TF1,1540,GRP_UST_THR,USTAR_THRESHOLD,0.165652
AR-TF1,1540,GRP_UST_THR,USTAR_VERSION,VUT
AR-TF1,1541,GRP_UST_THR,USTAR_PERCENTILE,33.75
AR-TF1,1541,GRP_UST_THR,USTAR_PERCENTILE_YEAR,2016
AR-TF1,1541,GRP_UST_THR,USTAR_THRESHOLD,0.167504
AR-TF1,1541,GRP_UST_THR,USTAR_VERSION,VUT
AR-TF1,1542,GRP_UST_THR,USTAR_PERCENTILE,36.25
AR-TF1,1542,GRP_UST_THR,USTAR_PERCENTILE_YEAR,2016
AR-TF1,1542,GRP_UST_THR,USTAR_THRESHOLD,0.173291
AR-TF1,1542,GRP_UST_THR,USTAR_VERSION,VUT
AR-TF1,1543,GRP_UST_THR,USTAR_PERCENTILE,38.75
AR-TF1,1543,GRP_UST_THR,USTAR_PERCENTILE_YEAR,2016
AR-TF1,1543,GRP_UST_THR,USTAR_THRESHOLD,0.177204
AR-TF1,1543,GRP_UST_THR,USTAR_VERSION,VUT
AR-TF1,1544,GRP_UST_THR,USTAR_PERCENTILE,41.25
AR-TF1,1544,GRP_UST_THR,USTAR_PERCENTILE_YEAR,2016
AR-TF1,1544,GRP_UST_THR,USTAR_THRESHOLD,0.18121500000000001
AR-TF1,1544,GRP_UST_THR,USTAR_VERSION,VUT
AR-TF1,1545,GRP_UST_THR,USTAR_PERCENTILE,43.75
AR-TF1,1545,GRP_UST_THR,USTAR_PERCENTILE_YEAR,2016
AR-TF1,1545,GRP_UST_THR,USTAR_THRESHOLD,0.18666300000000002
AR-TF1,1545,GRP_UST_THR,USTAR_VERSION,VUT
AR-TF1,1546,GRP_UST_THR,USTAR_PERCENTILE,46.25
AR-TF1,1546,GRP_UST_THR,USTAR_PERCENTILE_YEAR,2016
AR-TF1,1546,GRP_UST_THR,USTAR_THRESHOLD,0.19086
AR-TF1,1546,GRP_UST_THR,USTAR_VERSION,VUT
AR-TF1,1547,GRP_UST_THR,USTAR_PERCENTILE,48.75
AR-TF1,1547,GRP_UST_THR,USTAR_PERCENTILE_YEAR,2016
AR-TF1,1547,GRP_UST_THR,USTAR_THRESHOLD,0.19561199999999998
AR-TF1,1547,GRP_UST_THR,USTAR_VERSION,VUT
AR-TF1,1548,GRP_UST_THR,USTAR_PERCENTILE,50.0
AR-TF1,1548,GRP_UST_THR,USTAR_PERCENTILE_YEAR,2016
AR-TF1,1548,GRP_UST_THR,USTAR_THRESHOLD,0.19626
AR-TF1,1548,GRP_UST_THR,USTAR_VERSION,VUT
AR-TF1,1549,GRP_UST_THR,USTAR_PERCENTILE,51.25
AR-TF1,1549,GRP_UST_THR,USTAR_PERCENTILE_YEAR,2016
AR-TF1,1549,GRP_UST_THR,USTAR_THRESHOLD,0.198052
AR-TF1,1549,GRP_UST_THR,USTAR_VERSION,VUT
AR-TF1,1550,GRP_UST_THR,USTAR_PERCENTILE,53.75
AR-TF1,1550,GRP_UST_THR,USTAR_PERCENTILE_YEAR,2016
AR-TF1,1550,GRP_UST_THR,USTAR_THRESHOLD,0.20336400000000002
AR-TF1,1550,GRP_UST_THR,USTAR_VERSION,VUT
AR-TF1,1551,GRP_UST_THR,USTAR_PERCENTILE,56.25
AR-TF1,1551,GRP_UST_THR,USTAR_PERCENTILE_YEAR,2016
AR-TF1,1551,GRP_UST_THR,USTAR_THRESHOLD,0.208179
AR-TF1,1551,GRP_UST_THR,USTAR_VERSION,VUT
AR-TF1,1552,GRP_UST_THR,USTAR_PERCENTILE,58.75
AR-TF1,1552,GRP_UST_THR,USTAR_PERCENTILE_YEAR,2016
AR-TF1,1552,GRP_UST_THR,USTAR_THRESHOLD,0.212464
AR-TF1,1552,GRP_UST_THR,USTAR_VERSION,VUT
AR-TF1,1553,GRP_UST_THR,USTAR_PERCENTILE,61.25
AR-TF1,1553,GRP_UST_THR,USTAR_PERCENTILE_YEAR,2016
AR-TF1,1553,GRP_UST_THR,USTAR_THRESHOLD,0.216004
AR-TF1,1553,GRP_UST_THR,USTAR_VERSION,VUT
AR-TF1,1554,GRP_UST_THR,USTAR_PERCENTILE,63.75
AR-TF1,1554,GRP_UST_THR,USTAR_PERCENTILE_YEAR,2016
AR-TF1,1554,GRP_UST_THR,USTAR_THRESHOLD,0.219861
AR-TF1,1554,GRP_UST_THR,USTAR_VERSION,VUT
AR-TF1,1555,GRP_UST_THR,USTAR_PERCENTILE,66.25
AR-TF1,1555,GRP_UST_THR,USTAR_PERCENTILE_YEAR,2016
AR-TF1,1555,GRP_UST_THR,USTAR_THRESHOLD,0.222371
AR-TF1,1555,GRP_UST_THR,USTAR_VERSION,VUT
AR-TF1,1556,GRP_UST_THR,USTAR_PERCENTILE,68.75
AR-TF1,1556,GRP_UST_THR,USTAR_PERCENTILE_YEAR,2016
AR-TF1,1556,GRP_UST_THR,USTAR_THRESHOLD,0.230198
AR-TF1,1556,GRP_UST_THR,USTAR_VERSION,VUT
AR-TF1,1557,GRP_UST_THR,USTAR_PERCENTILE,71.25
AR-TF1,1557,GRP_UST_THR,USTAR_PERCENTILE_YEAR,2016
AR-TF1,1557,GRP_UST_THR,USTAR_THRESHOLD,0.234702
AR-TF1,1557,GRP_UST_THR,USTAR_VERSION,VUT
AR-TF1,1558,GRP_UST_THR,USTAR_PERCENTILE,73.75
AR-TF1,1558,GRP_UST_THR,USTAR_PERCENTILE_YEAR,2016
AR-TF1,1558,GRP_UST_THR,USTAR_THRESHOLD,0.238691
AR-TF1,1558,GRP_UST_THR,USTAR_VERSION,VUT
AR-TF1,1559,GRP_UST_THR,USTAR_PERCENTILE,76.25
AR-TF1,1559,GRP_UST_THR,USTAR_PERCENTILE_YEAR,2016
AR-TF1,1559,GRP_UST_THR,USTAR_THRESHOLD,0.242535
AR-TF1,1559,GRP_UST_THR,USTAR_VERSION,VUT
AR-TF1,1560,GRP_UST_THR,USTAR_PERCENTILE,78.75
AR-TF1,1560,GRP_UST_THR,USTAR_PERCENTILE_YEAR,2016
AR-TF1,1560,GRP_UST_THR,USTAR_THRESHOLD,0.24568800000000002
AR-TF1,1560,GRP_UST_THR,USTAR_VERSION,VUT
AR-TF1,1561,GRP_UST_THR,USTAR_PERCENTILE,81.25
AR-TF1,1561,GRP_UST_THR,USTAR_PERCENTILE_YEAR,2016
AR-TF1,1561,GRP_UST_THR,USTAR_THRESHOLD,0.250404
AR-TF1,1561,GRP_UST_THR,USTAR_VERSION,VUT
AR-TF1,1562,GRP_UST_THR,USTAR_PERCENTILE,83.75
AR-TF1,1562,GRP_UST_THR,USTAR_PERCENTILE_YEAR,2016
AR-TF1,1562,GRP_UST_THR,USTAR_THRESHOLD,0.258274
AR-TF1,1562,GRP_UST_THR,USTAR_VERSION,VUT
AR-TF1,1563,GRP_UST_THR,USTAR_PERCENTILE,86.25
AR-TF1,1563,GRP_UST_THR,USTAR_PERCENTILE_YEAR,2016
AR-TF1,1563,GRP_UST_THR,USTAR_THRESHOLD,0.262947
AR-TF1,1563,GRP_UST_THR,USTAR_VERSION,VUT
AR-TF1,1564,GRP_UST_THR,USTAR_PERCENTILE,88.75
AR-TF1,1564,GRP_UST_THR,USTAR_PERCENTILE_YEAR,2016
AR-TF1,1564,GRP_UST_THR,USTAR_THRESHOLD,0.277996
AR-TF1,1564,GRP_UST_THR,USTAR_VERSION,VUT
AR-TF1,1565,GRP_UST_THR,USTAR_PERCENTILE,91.25
AR-TF1,1565,GRP_UST_THR,USTAR_PERCENTILE_YEAR,2016
AR-TF1,1565,GRP_UST_THR,USTAR_THRESHOLD,0.288704
AR-TF1,1565,GRP_UST_THR,USTAR_VERSION,VUT
AR-TF1,1566,GRP_UST_THR,USTAR_PERCENTILE,93.75
AR-TF1,1566,GRP_UST_THR,USTAR_PERCENTILE_YEAR,2016
AR-TF1,1566,GRP_UST_THR,USTAR_THRESHOLD,0.29681
AR-TF1,1566,GRP_UST_THR,USTAR_VERSION,VUT
AR-TF1,1567,GRP_UST_THR,USTAR_PERCENTILE,96.25
AR-TF1,1567,GRP_UST_THR,USTAR_PERCENTILE_YEAR,2016
AR-TF1,1567,GRP_UST_THR,USTAR_THRESHOLD,0.311582
AR-TF1,1567,GRP_UST_THR,USTAR_VERSION,VUT
AR-TF1,1568,GRP_UST_THR,USTAR_PERCENTILE,98.75
AR-TF1,1568,GRP_UST_THR,USTAR_PERCENTILE_YEAR,2016
AR-TF1,1568,GRP_UST_THR,USTAR_THRESHOLD,0.337221
AR-TF1,1568,GRP_UST_THR,USTAR_VERSION,VUT
AR-TF1,1569,GRP_UST_THR,USTAR_PERCENTILE,1.25
AR-TF1,1569,GRP_UST_THR,USTAR_PERCENTILE_YEAR,2017
AR-TF1,1569,GRP_UST_THR,USTAR_THRESHOLD,0.08992739999999999
AR-TF1,1569,GRP_UST_THR,USTAR_VERSION,VUT
AR-TF1,1570,GRP_UST_THR,USTAR_PERCENTILE,3.75
AR-TF1,1570,GRP_UST_THR,USTAR_PERCENTILE_YEAR,2017
AR-TF1,1570,GRP_UST_THR,USTAR_THRESHOLD,0.101336
AR-TF1,1570,GRP_UST_THR,USTAR_VERSION,VUT
AR-TF1,1571,GRP_UST_THR,USTAR_PERCENTILE,6.25
AR-TF1,1571,GRP_UST_THR,USTAR_PERCENTILE_YEAR,2017
AR-TF1,1571,GRP_UST_THR,USTAR_THRESHOLD,0.11292100000000001
AR-TF1,1571,GRP_UST_THR,USTAR_VERSION,VUT
AR-TF1,1572,GRP_UST_THR,USTAR_PERCENTILE,8.75
AR-TF1,1572,GRP_UST_THR,USTAR_PERCENTILE_YEAR,2017
AR-TF1,1572,GRP_UST_THR,USTAR_THRESHOLD,0.125083
AR-TF1,1572,GRP_UST_THR,USTAR_VERSION,VUT
AR-TF1,1573,GRP_UST_THR,USTAR_PERCENTILE,11.25
AR-TF1,1573,GRP_UST_THR,USTAR_PERCENTILE_YEAR,2017
AR-TF1,1573,GRP_UST_THR,USTAR_THRESHOLD,0.130214
AR-TF1,1573,GRP_UST_THR,USTAR_VERSION,VUT
AR-TF1,1574,GRP_UST_THR,USTAR_PERCENTILE,13.75
AR-TF1,1574,GRP_UST_THR,USTAR_PERCENTILE_YEAR,2017
AR-TF1,1574,GRP_UST_THR,USTAR_THRESHOLD,0.134574
AR-TF1,1574,GRP_UST_THR,USTAR_VERSION,VUT
AR-TF1,1575,GRP_UST_THR,USTAR_PERCENTILE,16.25
AR-TF1,1575,GRP_UST_THR,USTAR_PERCENTILE_YEAR,2017
AR-TF1,1575,GRP_UST_THR,USTAR_THRESHOLD,0.14023
AR-TF1,1575,GRP_UST_THR,USTAR_VERSION,VUT
AR-TF1,1576,GRP_UST_THR,USTAR_PERCENTILE,18.75
AR-TF1,1576,GRP_UST_THR,USTAR_PERCENTILE_YEAR,2017
AR-TF1,1576,GRP_UST_THR,USTAR_THRESHOLD,0.144025
AR-TF1,1576,GRP_UST_THR,USTAR_VERSION,VUT
AR-TF1,1577,GRP_UST_THR,USTAR_PERCENTILE,21.25
AR-TF1,1577,GRP_UST_THR,USTAR_PERCENTILE_YEAR,2017
AR-TF1,1577,GRP_UST_THR,USTAR_THRESHOLD,0.146596
AR-TF1,1577,GRP_UST_THR,USTAR_VERSION,VUT
AR-TF1,1578,GRP_UST_THR,USTAR_PERCENTILE,23.75
AR-TF1,1578,GRP_UST_THR,USTAR_PERCENTILE_YEAR,2017
AR-TF1,1578,GRP_UST_THR,USTAR_THRESHOLD,0.151375
AR-TF1,1578,GRP_UST_THR,USTAR_VERSION,VUT
AR-TF1,1579,GRP_UST_THR,USTAR_PERCENTILE,26.25
AR-TF1,1579,GRP_UST_THR,USTAR_PERCENTILE_YEAR,2017
AR-TF1,1579,GRP_UST_THR,USTAR_THRESHOLD,0.15879300000000002
AR-TF1,1579,GRP_UST_THR,USTAR_VERSION,VUT
AR-TF1,1580,GRP_UST_THR,USTAR_PERCENTILE,28.75
AR-TF1,1580,GRP_UST_THR,USTAR_PERCENTILE_YEAR,2017
AR-TF1,1580,GRP_UST_THR,USTAR_THRESHOLD,0.162854
AR-TF1,1580,GRP_UST_THR,USTAR_VERSION,VUT
AR-TF1,1581,GRP_UST_THR,USTAR_PERCENTILE,31.25
AR-TF1,1581,GRP_UST_THR,USTAR_PERCENTILE_YEAR,2017
AR-TF1,1581,GRP_UST_THR,USTAR_THRESHOLD,0.16539700000000002
AR-TF1,1581,GRP_UST_THR,USTAR_VERSION,VUT
AR-TF1,1582,GRP_UST_THR,USTAR_PERCENTILE,33.75
AR-TF1,1582,GRP_UST_THR,USTAR_PERCENTILE_YEAR,2017
AR-TF1,1582,GRP_UST_THR,USTAR_THRESHOLD,0.167504
AR-TF1,1582,GRP_UST_THR,USTAR_VERSION,VUT
AR-TF1,1583,GRP_UST_THR,USTAR_PERCENTILE,36.25
AR-TF1,1583,GRP_UST_THR,USTAR_PERCENTILE_YEAR,2017
AR-TF1,1583,GRP_UST_THR,USTAR_THRESHOLD,0.172899
AR-TF1,1583,GRP_UST_THR,USTAR_VERSION,VUT
AR-TF1,1584,GRP_UST_THR,USTAR_PERCENTILE,38.75
AR-TF1,1584,GRP_UST_THR,USTAR_PERCENTILE_YEAR,2017
AR-TF1,1584,GRP_UST_THR,USTAR_THRESHOLD,0.17716500000000002
AR-TF1,1584,GRP_UST_THR,USTAR_VERSION,VUT
AR-TF1,1585,GRP_UST_THR,USTAR_PERCENTILE,41.25
AR-TF1,1585,GRP_UST_THR,USTAR_PERCENTILE_YEAR,2017
AR-TF1,1585,GRP_UST_THR,USTAR_THRESHOLD,0.17949400000000001
AR-TF1,1585,GRP_UST_THR,USTAR_VERSION,VUT
AR-TF1,1586,GRP_UST_THR,USTAR_PERCENTILE,43.75
AR-TF1,1586,GRP_UST_THR,USTAR_PERCENTILE_YEAR,2017
AR-TF1,1586,GRP_UST_THR,USTAR_THRESHOLD,0.184641
AR-TF1,1586,GRP_UST_THR,USTAR_VERSION,VUT
AR-TF1,1587,GRP_UST_THR,USTAR_PERCENTILE,46.25
AR-TF1,1587,GRP_UST_THR,USTAR_PERCENTILE_YEAR,2017
AR-TF1,1587,GRP_UST_THR,USTAR_THRESHOLD,0.18801800000000002
AR-TF1,1587,GRP_UST_THR,USTAR_VERSION,VUT
AR-TF1,1588,GRP_UST_THR,USTAR_PERCENTILE,48.75
AR-TF1,1588,GRP_UST_THR,USTAR_PERCENTILE_YEAR,2017
AR-TF1,1588,GRP_UST_THR,USTAR_THRESHOLD,0.19107000000000002
AR-TF1,1588,GRP_UST_THR,USTAR_VERSION,VUT
AR-TF1,1589,GRP_UST_THR,USTAR_PERCENTILE,50.0
AR-TF1,1589,GRP_UST_THR,USTAR_PERCENTILE_YEAR,2017
AR-TF1,1589,GRP_UST_THR,USTAR_THRESHOLD,0.19298900000000002
AR-TF1,1589,GRP_UST_THR,USTAR_VERSION,VUT
AR-TF1,1590,GRP_UST_THR,USTAR_PERCENTILE,51.25
AR-TF1,1590,GRP_UST_THR,USTAR_PERCENTILE_YEAR,2017
AR-TF1,1590,GRP_UST_THR,USTAR_THRESHOLD,0.193497
AR-TF1,1590,GRP_UST_THR,USTAR_VERSION,VUT
AR-TF1,1591,GRP_UST_THR,USTAR_PERCENTILE,53.75
AR-TF1,1591,GRP_UST_THR,USTAR_PERCENTILE_YEAR,2017
AR-TF1,1591,GRP_UST_THR,USTAR_THRESHOLD,0.197707
AR-TF1,1591,GRP_UST_THR,USTAR_VERSION,VUT
AR-TF1,1592,GRP_UST_THR,USTAR_PERCENTILE,56.25
AR-TF1,1592,GRP_UST_THR,USTAR_PERCENTILE_YEAR,2017
AR-TF1,1592,GRP_UST_THR,USTAR_THRESHOLD,0.201206
AR-TF1,1592,GRP_UST_THR,USTAR_VERSION,VUT
AR-TF1,1593,GRP_UST_THR,USTAR_PERCENTILE,58.75
AR-TF1,1593,GRP_UST_THR,USTAR_PERCENTILE_YEAR,2017
AR-TF1,1593,GRP_UST_THR,USTAR_THRESHOLD,0.205197
AR-TF1,1593,GRP_UST_THR,USTAR_VERSION,VUT
AR-TF1,1594,GRP_UST_THR,USTAR_PERCENTILE,61.25
AR-TF1,1594,GRP_UST_THR,USTAR_PERCENTILE_YEAR,2017
AR-TF1,1594,GRP_UST_THR,USTAR_THRESHOLD,0.208871
AR-TF1,1594,GRP_UST_THR,USTAR_VERSION,VUT
AR-TF1,1595,GRP_UST_THR,USTAR_PERCENTILE,63.75
AR-TF1,1595,GRP_UST_THR,USTAR_PERCENTILE_YEAR,2017
AR-TF1,1595,GRP_UST_THR,USTAR_THRESHOLD,0.21474000000000001
AR-TF1,1595,GRP_UST_THR,USTAR_VERSION,VUT
AR-TF1,1596,GRP_UST_THR,USTAR_PERCENTILE,66.25
AR-TF1,1596,GRP_UST_THR,USTAR_PERCENTILE_YEAR,2017
AR-TF1,1596,GRP_UST_THR,USTAR_THRESHOLD,0.218788
AR-TF1,1596,GRP_UST_THR,USTAR_VERSION,VUT
AR-TF1,1597,GRP_UST_THR,USTAR_PERCENTILE,68.75
AR-TF1,1597,GRP_UST_THR,USTAR_PERCENTILE_YEAR,2017
AR-TF1,1597,GRP_UST_THR,USTAR_THRESHOLD,0.22102399999999997
AR-TF1,1597,GRP_UST_THR,USTAR_VERSION,VUT
AR-TF1,1598,GRP_UST_THR,USTAR_PERCENTILE,71.25
AR-TF1,1598,GRP_UST_THR,USTAR_PERCENTILE_YEAR,2017
AR-TF1,1598,GRP_UST_THR,USTAR_THRESHOLD,0.228685
AR-TF1,1598,GRP_UST_THR,USTAR_VERSION,VUT
AR-TF1,1599,GRP_UST_THR,USTAR_PERCENTILE,73.75
AR-TF1,1599,GRP_UST_THR,USTAR_PERCENTILE_YEAR,2017
AR-TF1,1599,GRP_UST_THR,USTAR_THRESHOLD,0.23433600000000002
AR-TF1,1599,GRP_UST_THR,USTAR_VERSION,VUT
AR-TF1,1600,GRP_UST_THR,USTAR_PERCENTILE,76.25
AR-TF1,1600,GRP_UST_THR,USTAR_PERCENTILE_YEAR,2017
AR-TF1,1600,GRP_UST_THR,USTAR_THRESHOLD,0.238691
AR-TF1,1600,GRP_UST_THR,USTAR_VERSION,VUT
AR-TF1,1601,GRP_UST_THR,USTAR_PERCENTILE,78.75
AR-TF1,1601,GRP_UST_THR,USTAR_PERCENTILE_YEAR,2017
AR-TF1,1601,GRP_UST_THR,USTAR_THRESHOLD,0.24391500000000002
AR-TF1,1601,GRP_UST_THR,USTAR_VERSION,VUT
AR-TF1,1602,GRP_UST_THR,USTAR_PERCENTILE,81.25
AR-TF1,1602,GRP_UST_THR,USTAR_PERCENTILE_YEAR,2017
AR-TF1,1602,GRP_UST_THR,USTAR_THRESHOLD,0.24661100000000002
AR-TF1,1602,GRP_UST_THR,USTAR_VERSION,VUT
AR-TF1,1603,GRP_UST_THR,USTAR_PERCENTILE,83.75
AR-TF1,1603,GRP_UST_THR,USTAR_PERCENTILE_YEAR,2017
AR-TF1,1603,GRP_UST_THR,USTAR_THRESHOLD,0.255407
AR-TF1,1603,GRP_UST_THR,USTAR_VERSION,VUT
AR-TF1,1604,GRP_UST_THR,USTAR_PERCENTILE,86.25
AR-TF1,1604,GRP_UST_THR,USTAR_PERCENTILE_YEAR,2017
AR-TF1,1604,GRP_UST_THR,USTAR_THRESHOLD,0.260473
AR-TF1,1604,GRP_UST_THR,USTAR_VERSION,VUT
AR-TF1,1605,GRP_UST_THR,USTAR_PERCENTILE,88.75
AR-TF1,1605,GRP_UST_THR,USTAR_PERCENTILE_YEAR,2017
AR-TF1,1605,GRP_UST_THR,USTAR_THRESHOLD,0.27613200000000004
AR-TF1,1605,GRP_UST_THR,USTAR_VERSION,VUT
AR-TF1,1606,GRP_UST_THR,USTAR_PERCENTILE,91.25
AR-TF1,1606,GRP_UST_THR,USTAR_PERCENTILE_YEAR,2017
AR-TF1,1606,GRP_UST_THR,USTAR_THRESHOLD,0.28166199999999997
AR-TF1,1606,GRP_UST_THR,USTAR_VERSION,VUT
AR-TF1,1607,GRP_UST_THR,USTAR_PERCENTILE,93.75
AR-TF1,1607,GRP_UST_THR,USTAR_PERCENTILE_YEAR,2017
AR-TF1,1607,GRP_UST_THR,USTAR_THRESHOLD,0.295018
AR-TF1,1607,GRP_UST_THR,USTAR_VERSION,VUT
AR-TF1,1608,GRP_UST_THR,USTAR_PERCENTILE,96.25
AR-TF1,1608,GRP_UST_THR,USTAR_PERCENTILE_YEAR,2017
AR-TF1,1608,GRP_UST_THR,USTAR_THRESHOLD,0.307258
AR-TF1,1608,GRP_UST_THR,USTAR_VERSION,VUT
AR-TF1,1609,GRP_UST_THR,USTAR_PERCENTILE,98.75
AR-TF1,1609,GRP_UST_THR,USTAR_PERCENTILE_YEAR,2017
AR-TF1,1609,GRP_UST_THR,USTAR_THRESHOLD,0.329757
AR-TF1,1609,GRP_UST_THR,USTAR_VERSION,VUT
AR-TF1,1610,GRP_UST_THR,USTAR_PERCENTILE,1.25
AR-TF1,1610,GRP_UST_THR,USTAR_PERCENTILE_YEAR,2018
AR-TF1,1610,GRP_UST_THR,USTAR_THRESHOLD,0.08854930000000001
AR-TF1,1610,GRP_UST_THR,USTAR_VERSION,VUT
AR-TF1,1611,GRP_UST_THR,USTAR_PERCENTILE,3.75
AR-TF1,1611,GRP_UST_THR,USTAR_PERCENTILE_YEAR,2018
AR-TF1,1611,GRP_UST_THR,USTAR_THRESHOLD,0.0967296
AR-TF1,1611,GRP_UST_THR,USTAR_VERSION,VUT
AR-TF1,1612,GRP_UST_THR,USTAR_PERCENTILE,6.25
AR-TF1,1612,GRP_UST_THR,USTAR_PERCENTILE_YEAR,2018
AR-TF1,1612,GRP_UST_THR,USTAR_THRESHOLD,0.105277
AR-TF1,1612,GRP_UST_THR,USTAR_VERSION,VUT
AR-TF1,1613,GRP_UST_THR,USTAR_PERCENTILE,8.75
AR-TF1,1613,GRP_UST_THR,USTAR_PERCENTILE_YEAR,2018
AR-TF1,1613,GRP_UST_THR,USTAR_THRESHOLD,0.11292100000000001
AR-TF1,1613,GRP_UST_THR,USTAR_VERSION,VUT
AR-TF1,1614,GRP_UST_THR,USTAR_PERCENTILE,11.25
AR-TF1,1614,GRP_UST_THR,USTAR_PERCENTILE_YEAR,2018
AR-TF1,1614,GRP_UST_THR,USTAR_THRESHOLD,0.12041400000000001
AR-TF1,1614,GRP_UST_THR,USTAR_VERSION,VUT
AR-TF1,1615,GRP_UST_THR,USTAR_PERCENTILE,13.75
AR-TF1,1615,GRP_UST_THR,USTAR_PERCENTILE_YEAR,2018
AR-TF1,1615,GRP_UST_THR,USTAR_THRESHOLD,0.125865
AR-TF1,1615,GRP_UST_THR,USTAR_VERSION,VUT
AR-TF1,1616,GRP_UST_THR,USTAR_PERCENTILE,16.25
AR-TF1,1616,GRP_UST_THR,USTAR_PERCENTILE_YEAR,2018
AR-TF1,1616,GRP_UST_THR,USTAR_THRESHOLD,0.13026
AR-TF1,1616,GRP_UST_THR,USTAR_VERSION,VUT
AR-TF1,1617,GRP_UST_THR,USTAR_PERCENTILE,18.75
AR-TF1,1617,GRP_UST_THR,USTAR_PERCENTILE_YEAR,2018
AR-TF1,1617,GRP_UST_THR,USTAR_THRESHOLD,0.133626
AR-TF1,1617,GRP_UST_THR,USTAR_VERSION,VUT
AR-TF1,1618,GRP_UST_THR,USTAR_PERCENTILE,21.25
AR-TF1,1618,GRP_UST_THR,USTAR_PERCENTILE_YEAR,2018
AR-TF1,1618,GRP_UST_THR,USTAR_THRESHOLD,0.139523
AR-TF1,1618,GRP_UST_THR,USTAR_VERSION,VUT
AR-TF1,1619,GRP_UST_THR,USTAR_PERCENTILE,23.75
AR-TF1,1619,GRP_UST_THR,USTAR_PERCENTILE_YEAR,2018
AR-TF1,1619,GRP_UST_THR,USTAR_THRESHOLD,0.142125
AR-TF1,1619,GRP_UST_THR,USTAR_VERSION,VUT
AR-TF1,1620,GRP_UST_THR,USTAR_PERCENTILE,26.25
AR-TF1,1620,GRP_UST_THR,USTAR_PERCENTILE_YEAR,2018
AR-TF1,1620,GRP_UST_THR,USTAR_THRESHOLD,0.14441800000000002
AR-TF1,1620,GRP_UST_THR,USTAR_VERSION,VUT
AR-TF1,1621,GRP_UST_THR,USTAR_PERCENTILE,28.75
AR-TF1,1621,GRP_UST_THR,USTAR_PERCENTILE_YEAR,2018
AR-TF1,1621,GRP_UST_THR,USTAR_THRESHOLD,0.146466
AR-TF1,1621,GRP_UST_THR,USTAR_VERSION,VUT
AR-TF1,1622,GRP_UST_THR,USTAR_PERCENTILE,31.25
AR-TF1,1622,GRP_UST_THR,USTAR_PERCENTILE_YEAR,2018
AR-TF1,1622,GRP_UST_THR,USTAR_THRESHOLD,0.150534
AR-TF1,1622,GRP_UST_THR,USTAR_VERSION,VUT
AR-TF1,1623,GRP_UST_THR,USTAR_PERCENTILE,33.75
AR-TF1,1623,GRP_UST_THR,USTAR_PERCENTILE_YEAR,2018
AR-TF1,1623,GRP_UST_THR,USTAR_THRESHOLD,0.15814
AR-TF1,1623,GRP_UST_THR,USTAR_VERSION,VUT
AR-TF1,1624,GRP_UST_THR,USTAR_PERCENTILE,36.25
AR-TF1,1624,GRP_UST_THR,USTAR_PERCENTILE_YEAR,2018
AR-TF1,1624,GRP_UST_THR,USTAR_THRESHOLD,0.160084
AR-TF1,1624,GRP_UST_THR,USTAR_VERSION,VUT
AR-TF1,1625,GRP_UST_THR,USTAR_PERCENTILE,38.75
AR-TF1,1625,GRP_UST_THR,USTAR_PERCENTILE_YEAR,2018
AR-TF1,1625,GRP_UST_THR,USTAR_THRESHOLD,0.163461
AR-TF1,1625,GRP_UST_THR,USTAR_VERSION,VUT
AR-TF1,1626,GRP_UST_THR,USTAR_PERCENTILE,41.25
AR-TF1,1626,GRP_UST_THR,USTAR_PERCENTILE_YEAR,2018
AR-TF1,1626,GRP_UST_THR,USTAR_THRESHOLD,0.164876
AR-TF1,1626,GRP_UST_THR,USTAR_VERSION,VUT
AR-TF1,1627,GRP_UST_THR,USTAR_PERCENTILE,43.75
AR-TF1,1627,GRP_UST_THR,USTAR_PERCENTILE_YEAR,2018
AR-TF1,1627,GRP_UST_THR,USTAR_THRESHOLD,0.166973
AR-TF1,1627,GRP_UST_THR,USTAR_VERSION,VUT
AR-TF1,1628,GRP_UST_THR,USTAR_PERCENTILE,46.25
AR-TF1,1628,GRP_UST_THR,USTAR_PERCENTILE_YEAR,2018
AR-TF1,1628,GRP_UST_THR,USTAR_THRESHOLD,0.167965
AR-TF1,1628,GRP_UST_THR,USTAR_VERSION,VUT
AR-TF1,1629,GRP_UST_THR,USTAR_PERCENTILE,48.75
AR-TF1,1629,GRP_UST_THR,USTAR_PERCENTILE_YEAR,2018
AR-TF1,1629,GRP_UST_THR,USTAR_THRESHOLD,0.17340999999999998
AR-TF1,1629,GRP_UST_THR,USTAR_VERSION,VUT
AR-TF1,1630,GRP_UST_THR,USTAR_PERCENTILE,50.0
AR-TF1,1630,GRP_UST_THR,USTAR_PERCENTILE_YEAR,2018
AR-TF1,1630,GRP_UST_THR,USTAR_THRESHOLD,0.174497
AR-TF1,1630,GRP_UST_THR,USTAR_VERSION,VUT
AR-TF1,1631,GRP_UST_THR,USTAR_PERCENTILE,51.25
AR-TF1,1631,GRP_UST_THR,USTAR_PERCENTILE_YEAR,2018
AR-TF1,1631,GRP_UST_THR,USTAR_THRESHOLD,0.176757
AR-TF1,1631,GRP_UST_THR,USTAR_VERSION,VUT
AR-TF1,1632,GRP_UST_THR,USTAR_PERCENTILE,53.75
AR-TF1,1632,GRP_UST_THR,USTAR_PERCENTILE_YEAR,2018
AR-TF1,1632,GRP_UST_THR,USTAR_THRESHOLD,0.17843399999999998
AR-TF1,1632,GRP_UST_THR,USTAR_VERSION,VUT
AR-TF1,1633,GRP_UST_THR,USTAR_PERCENTILE,56.25
AR-TF1,1633,GRP_UST_THR,USTAR_PERCENTILE_YEAR,2018
AR-TF1,1633,GRP_UST_THR,USTAR_THRESHOLD,0.181329
AR-TF1,1633,GRP_UST_THR,USTAR_VERSION,VUT
AR-TF1,1634,GRP_UST_THR,USTAR_PERCENTILE,58.75
AR-TF1,1634,GRP_UST_THR,USTAR_PERCENTILE_YEAR,2018
AR-TF1,1634,GRP_UST_THR,USTAR_THRESHOLD,0.184745
AR-TF1,1634,GRP_UST_THR,USTAR_VERSION,VUT
AR-TF1,1635,GRP_UST_THR,USTAR_PERCENTILE,61.25
AR-TF1,1635,GRP_UST_THR,USTAR_PERCENTILE_YEAR,2018
AR-TF1,1635,GRP_UST_THR,USTAR_THRESHOLD,0.18704300000000001
AR-TF1,1635,GRP_UST_THR,USTAR_VERSION,VUT
AR-TF1,1636,GRP_UST_THR,USTAR_PERCENTILE,63.75
AR-TF1,1636,GRP_UST_THR,USTAR_PERCENTILE_YEAR,2018
AR-TF1,1636,GRP_UST_THR,USTAR_THRESHOLD,0.190354
AR-TF1,1636,GRP_UST_THR,USTAR_VERSION,VUT
AR-TF1,1637,GRP_UST_THR,USTAR_PERCENTILE,66.25
AR-TF1,1637,GRP_UST_THR,USTAR_PERCENTILE_YEAR,2018
AR-TF1,1637,GRP_UST_THR,USTAR_THRESHOLD,0.19298900000000002
AR-TF1,1637,GRP_UST_THR,USTAR_VERSION,VUT
AR-TF1,1638,GRP_UST_THR,USTAR_PERCENTILE,68.75
AR-TF1,1638,GRP_UST_THR,USTAR_PERCENTILE_YEAR,2018
AR-TF1,1638,GRP_UST_THR,USTAR_THRESHOLD,0.195774
AR-TF1,1638,GRP_UST_THR,USTAR_VERSION,VUT
AR-TF1,1639,GRP_UST_THR,USTAR_PERCENTILE,71.25
AR-TF1,1639,GRP_UST_THR,USTAR_PERCENTILE_YEAR,2018
AR-TF1,1639,GRP_UST_THR,USTAR_THRESHOLD,0.198052
AR-TF1,1639,GRP_UST_THR,USTAR_VERSION,VUT
AR-TF1,1640,GRP_UST_THR,USTAR_PERCENTILE,73.75
AR-TF1,1640,GRP_UST_THR,USTAR_PERCENTILE_YEAR,2018
AR-TF1,1640,GRP_UST_THR,USTAR_THRESHOLD,0.201206
AR-TF1,1640,GRP_UST_THR,USTAR_VERSION,VUT
AR-TF1,1641,GRP_UST_THR,USTAR_PERCENTILE,76.25
AR-TF1,1641,GRP_UST_THR,USTAR_PERCENTILE_YEAR,2018
AR-TF1,1641,GRP_UST_THR,USTAR_THRESHOLD,0.203247
AR-TF1,1641,GRP_UST_THR,USTAR_VERSION,VUT
AR-TF1,1642,GRP_UST_THR,USTAR_PERCENTILE,78.75
AR-TF1,1642,GRP_UST_THR,USTAR_PERCENTILE_YEAR,2018
AR-TF1,1642,GRP_UST_THR,USTAR_THRESHOLD,0.208871
AR-TF1,1642,GRP_UST_THR,USTAR_VERSION,VUT
AR-TF1,1643,GRP_UST_THR,USTAR_PERCENTILE,81.25
AR-TF1,1643,GRP_UST_THR,USTAR_PERCENTILE_YEAR,2018
AR-TF1,1643,GRP_UST_THR,USTAR_THRESHOLD,0.214535
AR-TF1,1643,GRP_UST_THR,USTAR_VERSION,VUT
AR-TF1,1644,GRP_UST_THR,USTAR_PERCENTILE,83.75
AR-TF1,1644,GRP_UST_THR,USTAR_PERCENTILE_YEAR,2018
AR-TF1,1644,GRP_UST_THR,USTAR_THRESHOLD,0.22036599999999998
AR-TF1,1644,GRP_UST_THR,USTAR_VERSION,VUT
AR-TF1,1645,GRP_UST_THR,USTAR_PERCENTILE,86.25
AR-TF1,1645,GRP_UST_THR,USTAR_PERCENTILE_YEAR,2018
AR-TF1,1645,GRP_UST_THR,USTAR_THRESHOLD,0.232121
AR-TF1,1645,GRP_UST_THR,USTAR_VERSION,VUT
AR-TF1,1646,GRP_UST_THR,USTAR_PERCENTILE,88.75
AR-TF1,1646,GRP_UST_THR,USTAR_PERCENTILE_YEAR,2018
AR-TF1,1646,GRP_UST_THR,USTAR_THRESHOLD,0.239556
AR-TF1,1646,GRP_UST_THR,USTAR_VERSION,VUT
AR-TF1,1647,GRP_UST_THR,USTAR_PERCENTILE,91.25
AR-TF1,1647,GRP_UST_THR,USTAR_PERCENTILE_YEAR,2018
AR-TF1,1647,GRP_UST_THR,USTAR_THRESHOLD,0.248047
AR-TF1,1647,GRP_UST_THR,USTAR_VERSION,VUT
AR-TF1,1648,GRP_UST_THR,USTAR_PERCENTILE,93.75
AR-TF1,1648,GRP_UST_THR,USTAR_PERCENTILE_YEAR,2018
AR-TF1,1648,GRP_UST_THR,USTAR_THRESHOLD,0.258274
AR-TF1,1648,GRP_UST_THR,USTAR_VERSION,VUT
AR-TF1,1649,GRP_UST_THR,USTAR_PERCENTILE,96.25
AR-TF1,1649,GRP_UST_THR,USTAR_PERCENTILE_YEAR,2018
AR-TF1,1649,GRP_UST_THR,USTAR_THRESHOLD,0.275432
AR-TF1,1649,GRP_UST_THR,USTAR_VERSION,VUT
AR-TF1,1650,GRP_UST_THR,USTAR_PERCENTILE,98.75
AR-TF1,1650,GRP_UST_THR,USTAR_PERCENTILE_YEAR,2018
AR-TF1,1650,GRP_UST_THR,USTAR_THRESHOLD,0.315546
AR-TF1,1650,GRP_UST_THR,USTAR_VERSION,VUT
AR-TF1,1651,GRP_FLUX_REF,REF_TIME_RESOLUTION,HH
AR-TF1,1651,GRP_FLUX_REF,REF_USTAR_PERCENTILE,53.75
AR-TF1,1651,GRP_FLUX_REF,REF_USTAR_THRESHOLD,0.197707
AR-TF1,1651,GRP_FLUX_REF,REF_VARIABLE,NEE
AR-TF1,1651,GRP_FLUX_REF,REF_VERSION,CUT
AR-TF1,1652,GRP_FLUX_REF,REF_TIME_RESOLUTION,HH
AR-TF1,1652,GRP_FLUX_REF,REF_USTAR_PERCENTILE,48.75
AR-TF1,1652,GRP_FLUX_REF,REF_USTAR_THRESHOLD,0.19561199999999998
AR-TF1,1652,GRP_FLUX_REF,REF_VARIABLE,NEE
AR-TF1,1652,GRP_FLUX_REF,REF_VERSION,VUT
AR-TF1,1652,GRP_FLUX_REF,REF_YEAR,2016
AR-TF1,1653,GRP_FLUX_REF,REF_TIME_RESOLUTION,HH
AR-TF1,1653,GRP_FLUX_REF,REF_USTAR_PERCENTILE,48.75
AR-TF1,1653,GRP_FLUX_REF,REF_USTAR_THRESHOLD,0.19107000000000002
AR-TF1,1653,GRP_FLUX_REF,REF_VARIABLE,NEE
AR-TF1,1653,GRP_FLUX_REF,REF_VERSION,VUT
AR-TF1,1653,GRP_FLUX_REF,REF_YEAR,2017
AR-TF1,1654,GRP_FLUX_REF,REF_TIME_RESOLUTION,HH
AR-TF1,1654,GRP_FLUX_REF,REF_USTAR_PERCENTILE,48.75
AR-TF1,1654,GRP_FLUX_REF,REF_USTAR_THRESHOLD,0.17340999999999998
AR-TF1,1654,GRP_FLUX_REF,REF_VARIABLE,NEE
AR-TF1,1654,GRP_FLUX_REF,REF_VERSION,VUT
AR-TF1,1654,GRP_FLUX_REF,REF_YEAR,2018
AR-TF1,1655,GRP_FLUX_REF,REF_TIME_RESOLUTION,DD
AR-TF1,1655,GRP_FLUX_REF,REF_USTAR_PERCENTILE,56.25
AR-TF1,1655,GRP_FLUX_REF,REF_USTAR_THRESHOLD,0.201206
AR-TF1,1655,GRP_FLUX_REF,REF_VARIABLE,NEE
AR-TF1,1655,GRP_FLUX_REF,REF_VERSION,CUT
AR-TF1,1656,GRP_FLUX_REF,REF_TIME_RESOLUTION,DD
AR-TF1,1656,GRP_FLUX_REF,REF_USTAR_PERCENTILE,56.25
AR-TF1,1656,GRP_FLUX_REF,REF_USTAR_THRESHOLD,0.208179
AR-TF1,1656,GRP_FLUX_REF,REF_VARIABLE,NEE
AR-TF1,1656,GRP_FLUX_REF,REF_VERSION,VUT
AR-TF1,1656,GRP_FLUX_REF,REF_YEAR,2016
AR-TF1,1657,GRP_FLUX_REF,REF_TIME_RESOLUTION,DD
AR-TF1,1657,GRP_FLUX_REF,REF_USTAR_PERCENTILE,56.25
AR-TF1,1657,GRP_FLUX_REF,REF_USTAR_THRESHOLD,0.201206
AR-TF1,1657,GRP_FLUX_REF,REF_VARIABLE,NEE
AR-TF1,1657,GRP_FLUX_REF,REF_VERSION,VUT
AR-TF1,1657,GRP_FLUX_REF,REF_YEAR,2017
AR-TF1,1658,GRP_FLUX_REF,REF_TIME_RESOLUTION,DD
AR-TF1,1658,GRP_FLUX_REF,REF_USTAR_PERCENTILE,56.25
AR-TF1,1658,GRP_FLUX_REF,REF_USTAR_THRESHOLD,0.181329
AR-TF1,1658,GRP_FLUX_REF,REF_VARIABLE,NEE
AR-TF1,1658,GRP_FLUX_REF,REF_VERSION,VUT
AR-TF1,1658,GRP_FLUX_REF,REF_YEAR,2018
AR-TF1,1659,GRP_FLUX_REF,REF_TIME_RESOLUTION,WW
AR-TF1,1659,GRP_FLUX_REF,REF_USTAR_PERCENTILE,56.25
AR-TF1,1659,GRP_FLUX_REF,REF_USTAR_THRESHOLD,0.201206
AR-TF1,1659,GRP_FLUX_REF,REF_VARIABLE,NEE
AR-TF1,1659,GRP_FLUX_REF,REF_VERSION,CUT
AR-TF1,1660,GRP_FLUX_REF,REF_TIME_RESOLUTION,WW
AR-TF1,1660,GRP_FLUX_REF,REF_USTAR_PERCENTILE,46.25
AR-TF1,1660,GRP_FLUX_REF,REF_USTAR_THRESHOLD,0.19086
AR-TF1,1660,GRP_FLUX_REF,REF_VARIABLE,NEE
AR-TF1,1660,GRP_FLUX_REF,REF_VERSION,VUT
AR-TF1,1660,GRP_FLUX_REF,REF_YEAR,2016
AR-TF1,1661,GRP_FLUX_REF,REF_TIME_RESOLUTION,WW
AR-TF1,1661,GRP_FLUX_REF,REF_USTAR_PERCENTILE,46.25
AR-TF1,1661,GRP_FLUX_REF,REF_USTAR_THRESHOLD,0.18801800000000002
AR-TF1,1661,GRP_FLUX_REF,REF_VARIABLE,NEE
AR-TF1,1661,GRP_FLUX_REF,REF_VERSION,VUT
AR-TF1,1661,GRP_FLUX_REF,REF_YEAR,2017
AR-TF1,1662,GRP_FLUX_REF,REF_TIME_RESOLUTION,WW
AR-TF1,1662,GRP_FLUX_REF,REF_USTAR_PERCENTILE,46.25
AR-TF1,1662,GRP_FLUX_REF,REF_USTAR_THRESHOLD,0.167965
AR-TF1,1662,GRP_FLUX_REF,REF_VARIABLE,NEE
AR-TF1,1662,GRP_FLUX_REF,REF_VERSION,VUT
AR-TF1,1662,GRP_FLUX_REF,REF_YEAR,2018
AR-TF1,1663,GRP_FLUX_REF,REF_TIME_RESOLUTION,MM
AR-TF1,1663,GRP_FLUX_REF,REF_USTAR_PERCENTILE,51.25
AR-TF1,1663,GRP_FLUX_REF,REF_USTAR_THRESHOLD,0.193497
AR-TF1,1663,GRP_FLUX_REF,REF_VARIABLE,NEE
AR-TF1,1663,GRP_FLUX_REF,REF_VERSION,CUT
AR-TF1,1664,GRP_FLUX_REF,REF_TIME_RESOLUTION,MM
AR-TF1,1664,GRP_FLUX_REF,REF_USTAR_PERCENTILE,51.25
AR-TF1,1664,GRP_FLUX_REF,REF_USTAR_THRESHOLD,0.198052
AR-TF1,1664,GRP_FLUX_REF,REF_VARIABLE,NEE
AR-TF1,1664,GRP_FLUX_REF,REF_VERSION,VUT
AR-TF1,1664,GRP_FLUX_REF,REF_YEAR,2016
AR-TF1,1665,GRP_FLUX_REF,REF_TIME_RESOLUTION,MM
AR-TF1,1665,GRP_FLUX_REF,REF_USTAR_PERCENTILE,51.25
AR-TF1,1665,GRP_FLUX_REF,REF_USTAR_THRESHOLD,0.193497
AR-TF1,1665,GRP_FLUX_REF,REF_VARIABLE,NEE
AR-TF1,1665,GRP_FLUX_REF,REF_VERSION,VUT
AR-TF1,1665,GRP_FLUX_REF,REF_YEAR,2017
AR-TF1,1666,GRP_FLUX_REF,REF_TIME_RESOLUTION,MM
AR-TF1,1666,GRP_FLUX_REF,REF_USTAR_PERCENTILE,51.25
AR-TF1,1666,GRP_FLUX_REF,REF_USTAR_THRESHOLD,0.176757
AR-TF1,1666,GRP_FLUX_REF,REF_VARIABLE,NEE
AR-TF1,1666,GRP_FLUX_REF,REF_VERSION,VUT
AR-TF1,1666,GRP_FLUX_REF,REF_YEAR,2018
AR-TF1,1667,GRP_FLUX_REF,REF_TIME_RESOLUTION,YY
AR-TF1,1667,GRP_FLUX_REF,REF_USTAR_PERCENTILE,63.75
AR-TF1,1667,GRP_FLUX_REF,REF_USTAR_THRESHOLD,0.21474000000000001
AR-TF1,1667,GRP_FLUX_REF,REF_VARIABLE,NEE
AR-TF1,1667,GRP_FLUX_REF,REF_VERSION,CUT
AR-TF1,1668,GRP_FLUX_REF,REF_TIME_RESOLUTION,YY
AR-TF1,1668,GRP_FLUX_REF,REF_USTAR_PERCENTILE,63.75
AR-TF1,1668,GRP_FLUX_REF,REF_USTAR_THRESHOLD,0.219861
AR-TF1,1668,GRP_FLUX_REF,REF_VARIABLE,NEE
AR-TF1,1668,GRP_FLUX_REF,REF_VERSION,VUT
AR-TF1,1668,GRP_FLUX_REF,REF_YEAR,2016
AR-TF1,1669,GRP_FLUX_REF,REF_TIME_RESOLUTION,YY
AR-TF1,1669,GRP_FLUX_REF,REF_USTAR_PERCENTILE,63.75
AR-TF1,1669,GRP_FLUX_REF,REF_USTAR_THRESHOLD,0.21474000000000001
AR-TF1,1669,GRP_FLUX_REF,REF_VARIABLE,NEE
AR-TF1,1669,GRP_FLUX_REF,REF_VERSION,VUT
AR-TF1,1669,GRP_FLUX_REF,REF_YEAR,2017
AR-TF1,1670,GRP_FLUX_REF,REF_TIME_RESOLUTION,YY
AR-TF1,1670,GRP_FLUX_REF,REF_USTAR_PERCENTILE,63.75
AR-TF1,1670,GRP_FLUX_REF,REF_USTAR_THRESHOLD,0.190354
AR-TF1,1670,GRP_FLUX_REF,REF_VARIABLE,NEE
AR-TF1,1670,GRP_FLUX_REF,REF_VERSION,VUT
AR-TF1,1670,GRP_FLUX_REF,REF_YEAR,2018
AR-TF1,1671,GRP_FLUX_REF,REF_TIME_RESOLUTION,HH
AR-TF1,1671,GRP_FLUX_REF,REF_USTAR_PERCENTILE,71.25
AR-TF1,1671,GRP_FLUX_REF,REF_USTAR_THRESHOLD,0.228685
AR-TF1,1671,GRP_FLUX_REF,REF_VARIABLE,RECO_NT
AR-TF1,1671,GRP_FLUX_REF,REF_VERSION,CUT
AR-TF1,1672,GRP_FLUX_REF,REF_TIME_RESOLUTION,HH
AR-TF1,1672,GRP_FLUX_REF,REF_USTAR_PERCENTILE,53.75
AR-TF1,1672,GRP_FLUX_REF,REF_USTAR_THRESHOLD,0.20336400000000002
AR-TF1,1672,GRP_FLUX_REF,REF_VARIABLE,RECO_NT
AR-TF1,1672,GRP_FLUX_REF,REF_VERSION,VUT
AR-TF1,1672,GRP_FLUX_REF,REF_YEAR,2016
AR-TF1,1673,GRP_FLUX_REF,REF_TIME_RESOLUTION,HH
AR-TF1,1673,GRP_FLUX_REF,REF_USTAR_PERCENTILE,53.75
AR-TF1,1673,GRP_FLUX_REF,REF_USTAR_THRESHOLD,0.197707
AR-TF1,1673,GRP_FLUX_REF,REF_VARIABLE,RECO_NT
AR-TF1,1673,GRP_FLUX_REF,REF_VERSION,VUT
AR-TF1,1673,GRP_FLUX_REF,REF_YEAR,2017
AR-TF1,1674,GRP_FLUX_REF,REF_TIME_RESOLUTION,HH
AR-TF1,1674,GRP_FLUX_REF,REF_USTAR_PERCENTILE,53.75
AR-TF1,1674,GRP_FLUX_REF,REF_USTAR_THRESHOLD,0.17843399999999998
AR-TF1,1674,GRP_FLUX_REF,REF_VARIABLE,RECO_NT
AR-TF1,1674,GRP_FLUX_REF,REF_VERSION,VUT
AR-TF1,1674,GRP_FLUX_REF,REF_YEAR,2018
AR-TF1,1675,GRP_FLUX_REF,REF_TIME_RESOLUTION,DD
AR-TF1,1675,GRP_FLUX_REF,REF_USTAR_PERCENTILE,71.25
AR-TF1,1675,GRP_FLUX_REF,REF_USTAR_THRESHOLD,0.228685
AR-TF1,1675,GRP_FLUX_REF,REF_VARIABLE,RECO_NT
AR-TF1,1675,GRP_FLUX_REF,REF_VERSION,CUT
AR-TF1,1676,GRP_FLUX_REF,REF_TIME_RESOLUTION,DD
AR-TF1,1676,GRP_FLUX_REF,REF_USTAR_PERCENTILE,53.75
AR-TF1,1676,GRP_FLUX_REF,REF_USTAR_THRESHOLD,0.20336400000000002
AR-TF1,1676,GRP_FLUX_REF,REF_VARIABLE,RECO_NT
AR-TF1,1676,GRP_FLUX_REF,REF_VERSION,VUT
AR-TF1,1676,GRP_FLUX_REF,REF_YEAR,2016
AR-TF1,1677,GRP_FLUX_REF,REF_TIME_RESOLUTION,DD
AR-TF1,1677,GRP_FLUX_REF,REF_USTAR_PERCENTILE,53.75
AR-TF1,1677,GRP_FLUX_REF,REF_USTAR_THRESHOLD,0.197707
AR-TF1,1677,GRP_FLUX_REF,REF_VARIABLE,RECO_NT
AR-TF1,1677,GRP_FLUX_REF,REF_VERSION,VUT
AR-TF1,1677,GRP_FLUX_REF,REF_YEAR,2017
AR-TF1,1678,GRP_FLUX_REF,REF_TIME_RESOLUTION,DD
AR-TF1,1678,GRP_FLUX_REF,REF_USTAR_PERCENTILE,53.75
AR-TF1,1678,GRP_FLUX_REF,REF_USTAR_THRESHOLD,0.17843399999999998
AR-TF1,1678,GRP_FLUX_REF,REF_VARIABLE,RECO_NT
AR-TF1,1678,GRP_FLUX_REF,REF_VERSION,VUT
AR-TF1,1678,GRP_FLUX_REF,REF_YEAR,2018
AR-TF1,1679,GRP_FLUX_REF,REF_TIME_RESOLUTION,WW
AR-TF1,1679,GRP_FLUX_REF,REF_USTAR_PERCENTILE,71.25
AR-TF1,1679,GRP_FLUX_REF,REF_USTAR_THRESHOLD,0.228685
AR-TF1,1679,GRP_FLUX_REF,REF_VARIABLE,RECO_NT
AR-TF1,1679,GRP_FLUX_REF,REF_VERSION,CUT
AR-TF1,1680,GRP_FLUX_REF,REF_TIME_RESOLUTION,WW
AR-TF1,1680,GRP_FLUX_REF,REF_USTAR_PERCENTILE,53.75
AR-TF1,1680,GRP_FLUX_REF,REF_USTAR_THRESHOLD,0.20336400000000002
AR-TF1,1680,GRP_FLUX_REF,REF_VARIABLE,RECO_NT
AR-TF1,1680,GRP_FLUX_REF,REF_VERSION,VUT
AR-TF1,1680,GRP_FLUX_REF,REF_YEAR,2016
AR-TF1,1681,GRP_FLUX_REF,REF_TIME_RESOLUTION,WW
AR-TF1,1681,GRP_FLUX_REF,REF_USTAR_PERCENTILE,53.75
AR-TF1,1681,GRP_FLUX_REF,REF_USTAR_THRESHOLD,0.197707
AR-TF1,1681,GRP_FLUX_REF,REF_VARIABLE,RECO_NT
AR-TF1,1681,GRP_FLUX_REF,REF_VERSION,VUT
AR-TF1,1681,GRP_FLUX_REF,REF_YEAR,2017
AR-TF1,1682,GRP_FLUX_REF,REF_TIME_RESOLUTION,WW
AR-TF1,1682,GRP_FLUX_REF,REF_USTAR_PERCENTILE,53.75
AR-TF1,1682,GRP_FLUX_REF,REF_USTAR_THRESHOLD,0.17843399999999998
AR-TF1,1682,GRP_FLUX_REF,REF_VARIABLE,RECO_NT
AR-TF1,1682,GRP_FLUX_REF,REF_VERSION,VUT
AR-TF1,1682,GRP_FLUX_REF,REF_YEAR,2018
AR-TF1,1683,GRP_FLUX_REF,REF_TIME_RESOLUTION,MM
AR-TF1,1683,GRP_FLUX_REF,REF_USTAR_PERCENTILE,71.25
AR-TF1,1683,GRP_FLUX_REF,REF_USTAR_THRESHOLD,0.228685
AR-TF1,1683,GRP_FLUX_REF,REF_VARIABLE,RECO_NT
AR-TF1,1683,GRP_FLUX_REF,REF_VERSION,CUT
AR-TF1,1684,GRP_FLUX_REF,REF_TIME_RESOLUTION,MM
AR-TF1,1684,GRP_FLUX_REF,REF_USTAR_PERCENTILE,58.75
AR-TF1,1684,GRP_FLUX_REF,REF_USTAR_THRESHOLD,0.212464
AR-TF1,1684,GRP_FLUX_REF,REF_VARIABLE,RECO_NT
AR-TF1,1684,GRP_FLUX_REF,REF_VERSION,VUT
AR-TF1,1684,GRP_FLUX_REF,REF_YEAR,2016
AR-TF1,1685,GRP_FLUX_REF,REF_TIME_RESOLUTION,MM
AR-TF1,1685,GRP_FLUX_REF,REF_USTAR_PERCENTILE,58.75
AR-TF1,1685,GRP_FLUX_REF,REF_USTAR_THRESHOLD,0.205197
AR-TF1,1685,GRP_FLUX_REF,REF_VARIABLE,RECO_NT
AR-TF1,1685,GRP_FLUX_REF,REF_VERSION,VUT
AR-TF1,1685,GRP_FLUX_REF,REF_YEAR,2017
AR-TF1,1686,GRP_FLUX_REF,REF_TIME_RESOLUTION,MM
AR-TF1,1686,GRP_FLUX_REF,REF_USTAR_PERCENTILE,58.75
AR-TF1,1686,GRP_FLUX_REF,REF_USTAR_THRESHOLD,0.184745
AR-TF1,1686,GRP_FLUX_REF,REF_VARIABLE,RECO_NT
AR-TF1,1686,GRP_FLUX_REF,REF_VERSION,VUT
AR-TF1,1686,GRP_FLUX_REF,REF_YEAR,2018
AR-TF1,1687,GRP_FLUX_REF,REF_TIME_RESOLUTION,YY
AR-TF1,1687,GRP_FLUX_REF,REF_USTAR_PERCENTILE,3.75
AR-TF1,1687,GRP_FLUX_REF,REF_USTAR_THRESHOLD,0.101336
AR-TF1,1687,GRP_FLUX_REF,REF_VARIABLE,RECO_NT
AR-TF1,1687,GRP_FLUX_REF,REF_VERSION,CUT
AR-TF1,1688,GRP_FLUX_REF,REF_TIME_RESOLUTION,YY
AR-TF1,1688,GRP_FLUX_REF,REF_USTAR_PERCENTILE,1.25
AR-TF1,1688,GRP_FLUX_REF,REF_USTAR_THRESHOLD,0.08854930000000001
AR-TF1,1688,GRP_FLUX_REF,REF_VARIABLE,RECO_NT
AR-TF1,1688,GRP_FLUX_REF,REF_VERSION,VUT
AR-TF1,1688,GRP_FLUX_REF,REF_YEAR,2016
AR-TF1,1689,GRP_FLUX_REF,REF_TIME_RESOLUTION,YY
AR-TF1,1689,GRP_FLUX_REF,REF_USTAR_PERCENTILE,1.25
AR-TF1,1689,GRP_FLUX_REF,REF_USTAR_THRESHOLD,0.08992739999999999
AR-TF1,1689,GRP_FLUX_REF,REF_VARIABLE,RECO_NT
AR-TF1,1689,GRP_FLUX_REF,REF_VERSION,VUT
AR-TF1,1689,GRP_FLUX_REF,REF_YEAR,2017
AR-TF1,1690,GRP_FLUX_REF,REF_TIME_RESOLUTION,YY
AR-TF1,1690,GRP_FLUX_REF,REF_USTAR_PERCENTILE,1.25
AR-TF1,1690,GRP_FLUX_REF,REF_USTAR_THRESHOLD,0.08854930000000001
AR-TF1,1690,GRP_FLUX_REF,REF_VARIABLE,RECO_NT
AR-TF1,1690,GRP_FLUX_REF,REF_VERSION,VUT
AR-TF1,1690,GRP_FLUX_REF,REF_YEAR,2018
AR-TF1,1691,GRP_FLUX_REF,REF_TIME_RESOLUTION,HH
AR-TF1,1691,GRP_FLUX_REF,REF_USTAR_PERCENTILE,53.75
AR-TF1,1691,GRP_FLUX_REF,REF_USTAR_THRESHOLD,0.197707
AR-TF1,1691,GRP_FLUX_REF,REF_VARIABLE,GPP_NT
AR-TF1,1691,GRP_FLUX_REF,REF_VERSION,CUT
AR-TF1,1692,GRP_FLUX_REF,REF_TIME_RESOLUTION,HH
AR-TF1,1692,GRP_FLUX_REF,REF_USTAR_PERCENTILE,53.75
AR-TF1,1692,GRP_FLUX_REF,REF_USTAR_THRESHOLD,0.20336400000000002
AR-TF1,1692,GRP_FLUX_REF,REF_VARIABLE,GPP_NT
AR-TF1,1692,GRP_FLUX_REF,REF_VERSION,VUT
AR-TF1,1692,GRP_FLUX_REF,REF_YEAR,2016
AR-TF1,1693,GRP_FLUX_REF,REF_TIME_RESOLUTION,HH
AR-TF1,1693,GRP_FLUX_REF,REF_USTAR_PERCENTILE,53.75
AR-TF1,1693,GRP_FLUX_REF,REF_USTAR_THRESHOLD,0.197707
AR-TF1,1693,GRP_FLUX_REF,REF_VARIABLE,GPP_NT
AR-TF1,1693,GRP_FLUX_REF,REF_VERSION,VUT
AR-TF1,1693,GRP_FLUX_REF,REF_YEAR,2017
AR-TF1,1694,GRP_FLUX_REF,REF_TIME_RESOLUTION,HH
AR-TF1,1694,GRP_FLUX_REF,REF_USTAR_PERCENTILE,53.75
AR-TF1,1694,GRP_FLUX_REF,REF_USTAR_THRESHOLD,0.17843399999999998
AR-TF1,1694,GRP_FLUX_REF,REF_VARIABLE,GPP_NT
AR-TF1,1694,GRP_FLUX_REF,REF_VERSION,VUT
AR-TF1,1694,GRP_FLUX_REF,REF_YEAR,2018
AR-TF1,1695,GRP_FLUX_REF,REF_TIME_RESOLUTION,DD
AR-TF1,1695,GRP_FLUX_REF,REF_USTAR_PERCENTILE,58.75
AR-TF1,1695,GRP_FLUX_REF,REF_USTAR_THRESHOLD,0.205197
AR-TF1,1695,GRP_FLUX_REF,REF_VARIABLE,GPP_NT
AR-TF1,1695,GRP_FLUX_REF,REF_VERSION,CUT
AR-TF1,1696,GRP_FLUX_REF,REF_TIME_RESOLUTION,DD
AR-TF1,1696,GRP_FLUX_REF,REF_USTAR_PERCENTILE,58.75
AR-TF1,1696,GRP_FLUX_REF,REF_USTAR_THRESHOLD,0.212464
AR-TF1,1696,GRP_FLUX_REF,REF_VARIABLE,GPP_NT
AR-TF1,1696,GRP_FLUX_REF,REF_VERSION,VUT
AR-TF1,1696,GRP_FLUX_REF,REF_YEAR,2016
AR-TF1,1697,GRP_FLUX_REF,REF_TIME_RESOLUTION,DD
AR-TF1,1697,GRP_FLUX_REF,REF_USTAR_PERCENTILE,58.75
AR-TF1,1697,GRP_FLUX_REF,REF_USTAR_THRESHOLD,0.205197
AR-TF1,1697,GRP_FLUX_REF,REF_VARIABLE,GPP_NT
AR-TF1,1697,GRP_FLUX_REF,REF_VERSION,VUT
AR-TF1,1697,GRP_FLUX_REF,REF_YEAR,2017
AR-TF1,1698,GRP_FLUX_REF,REF_TIME_RESOLUTION,DD
AR-TF1,1698,GRP_FLUX_REF,REF_USTAR_PERCENTILE,58.75
AR-TF1,1698,GRP_FLUX_REF,REF_USTAR_THRESHOLD,0.184745
AR-TF1,1698,GRP_FLUX_REF,REF_VARIABLE,GPP_NT
AR-TF1,1698,GRP_FLUX_REF,REF_VERSION,VUT
AR-TF1,1698,GRP_FLUX_REF,REF_YEAR,2018
AR-TF1,1699,GRP_FLUX_REF,REF_TIME_RESOLUTION,WW
AR-TF1,1699,GRP_FLUX_REF,REF_USTAR_PERCENTILE,58.75
AR-TF1,1699,GRP_FLUX_REF,REF_USTAR_THRESHOLD,0.205197
AR-TF1,1699,GRP_FLUX_REF,REF_VARIABLE,GPP_NT
AR-TF1,1699,GRP_FLUX_REF,REF_VERSION,CUT
AR-TF1,1700,GRP_FLUX_REF,REF_TIME_RESOLUTION,WW
AR-TF1,1700,GRP_FLUX_REF,REF_USTAR_PERCENTILE,58.75
AR-TF1,1700,GRP_FLUX_REF,REF_USTAR_THRESHOLD,0.212464
AR-TF1,1700,GRP_FLUX_REF,REF_VARIABLE,GPP_NT
AR-TF1,1700,GRP_FLUX_REF,REF_VERSION,VUT
AR-TF1,1700,GRP_FLUX_REF,REF_YEAR,2016
AR-TF1,1701,GRP_FLUX_REF,REF_TIME_RESOLUTION,WW
AR-TF1,1701,GRP_FLUX_REF,REF_USTAR_PERCENTILE,58.75
AR-TF1,1701,GRP_FLUX_REF,REF_USTAR_THRESHOLD,0.205197
AR-TF1,1701,GRP_FLUX_REF,REF_VARIABLE,GPP_NT
AR-TF1,1701,GRP_FLUX_REF,REF_VERSION,VUT
AR-TF1,1701,GRP_FLUX_REF,REF_YEAR,2017
AR-TF1,1702,GRP_FLUX_REF,REF_TIME_RESOLUTION,WW
AR-TF1,1702,GRP_FLUX_REF,REF_USTAR_PERCENTILE,58.75
AR-TF1,1702,GRP_FLUX_REF,REF_USTAR_THRESHOLD,0.184745
AR-TF1,1702,GRP_FLUX_REF,REF_VARIABLE,GPP_NT
AR-TF1,1702,GRP_FLUX_REF,REF_VERSION,VUT
AR-TF1,1702,GRP_FLUX_REF,REF_YEAR,2018
AR-TF1,1703,GRP_FLUX_REF,REF_TIME_RESOLUTION,MM
AR-TF1,1703,GRP_FLUX_REF,REF_USTAR_PERCENTILE,63.75
AR-TF1,1703,GRP_FLUX_REF,REF_USTAR_THRESHOLD,0.21474000000000001
AR-TF1,1703,GRP_FLUX_REF,REF_VARIABLE,GPP_NT
AR-TF1,1703,GRP_FLUX_REF,REF_VERSION,CUT
AR-TF1,1704,GRP_FLUX_REF,REF_TIME_RESOLUTION,MM
AR-TF1,1704,GRP_FLUX_REF,REF_USTAR_PERCENTILE,68.75
AR-TF1,1704,GRP_FLUX_REF,REF_USTAR_THRESHOLD,0.230198
AR-TF1,1704,GRP_FLUX_REF,REF_VARIABLE,GPP_NT
AR-TF1,1704,GRP_FLUX_REF,REF_VERSION,VUT
AR-TF1,1704,GRP_FLUX_REF,REF_YEAR,2016
AR-TF1,1705,GRP_FLUX_REF,REF_TIME_RESOLUTION,MM
AR-TF1,1705,GRP_FLUX_REF,REF_USTAR_PERCENTILE,68.75
AR-TF1,1705,GRP_FLUX_REF,REF_USTAR_THRESHOLD,0.22102399999999997
AR-TF1,1705,GRP_FLUX_REF,REF_VARIABLE,GPP_NT
AR-TF1,1705,GRP_FLUX_REF,REF_VERSION,VUT
AR-TF1,1705,GRP_FLUX_REF,REF_YEAR,2017
AR-TF1,1706,GRP_FLUX_REF,REF_TIME_RESOLUTION,MM
AR-TF1,1706,GRP_FLUX_REF,REF_USTAR_PERCENTILE,68.75
AR-TF1,1706,GRP_FLUX_REF,REF_USTAR_THRESHOLD,0.195774
AR-TF1,1706,GRP_FLUX_REF,REF_VARIABLE,GPP_NT
AR-TF1,1706,GRP_FLUX_REF,REF_VERSION,VUT
AR-TF1,1706,GRP_FLUX_REF,REF_YEAR,2018
AR-TF1,1707,GRP_FLUX_REF,REF_TIME_RESOLUTION,YY
AR-TF1,1707,GRP_FLUX_REF,REF_USTAR_PERCENTILE,83.75
AR-TF1,1707,GRP_FLUX_REF,REF_USTAR_THRESHOLD,0.255407
AR-TF1,1707,GRP_FLUX_REF,REF_VARIABLE,GPP_NT
AR-TF1,1707,GRP_FLUX_REF,REF_VERSION,CUT
AR-TF1,1708,GRP_FLUX_REF,REF_TIME_RESOLUTION,YY
AR-TF1,1708,GRP_FLUX_REF,REF_USTAR_PERCENTILE,68.75
AR-TF1,1708,GRP_FLUX_REF,REF_USTAR_THRESHOLD,0.230198
AR-TF1,1708,GRP_FLUX_REF,REF_VARIABLE,GPP_NT
AR-TF1,1708,GRP_FLUX_REF,REF_VERSION,VUT
AR-TF1,1708,GRP_FLUX_REF,REF_YEAR,2016
AR-TF1,1709,GRP_FLUX_REF,REF_TIME_RESOLUTION,YY
AR-TF1,1709,GRP_FLUX_REF,REF_USTAR_PERCENTILE,68.75
AR-TF1,1709,GRP_FLUX_REF,REF_USTAR_THRESHOLD,0.22102399999999997
AR-TF1,1709,GRP_FLUX_REF,REF_VARIABLE,GPP_NT
AR-TF1,1709,GRP_FLUX_REF,REF_VERSION,VUT
AR-TF1,1709,GRP_FLUX_REF,REF_YEAR,2017
AR-TF1,1710,GRP_FLUX_REF,REF_TIME_RESOLUTION,YY
AR-TF1,1710,GRP_FLUX_REF,REF_USTAR_PERCENTILE,68.75
AR-TF1,1710,GRP_FLUX_REF,REF_USTAR_THRESHOLD,0.195774
AR-TF1,1710,GRP_FLUX_REF,REF_VARIABLE,GPP_NT
AR-TF1,1710,GRP_FLUX_REF,REF_VERSION,VUT
AR-TF1,1710,GRP_FLUX_REF,REF_YEAR,2018
AR-TF1,1711,GRP_FLUX_REF,REF_TIME_RESOLUTION,HH
AR-TF1,1711,GRP_FLUX_REF,REF_USTAR_PERCENTILE,53.75
AR-TF1,1711,GRP_FLUX_REF,REF_USTAR_THRESHOLD,0.197707
AR-TF1,1711,GRP_FLUX_REF,REF_VARIABLE,RECO_DT
AR-TF1,1711,GRP_FLUX_REF,REF_VERSION,CUT
AR-TF1,1712,GRP_FLUX_REF,REF_TIME_RESOLUTION,HH
AR-TF1,1712,GRP_FLUX_REF,REF_USTAR_PERCENTILE,48.75
AR-TF1,1712,GRP_FLUX_REF,REF_USTAR_THRESHOLD,0.19561199999999998
AR-TF1,1712,GRP_FLUX_REF,REF_VARIABLE,RECO_DT
AR-TF1,1712,GRP_FLUX_REF,REF_VERSION,VUT
AR-TF1,1712,GRP_FLUX_REF,REF_YEAR,2016
AR-TF1,1713,GRP_FLUX_REF,REF_TIME_RESOLUTION,HH
AR-TF1,1713,GRP_FLUX_REF,REF_USTAR_PERCENTILE,48.75
AR-TF1,1713,GRP_FLUX_REF,REF_USTAR_THRESHOLD,0.19107000000000002
AR-TF1,1713,GRP_FLUX_REF,REF_VARIABLE,RECO_DT
AR-TF1,1713,GRP_FLUX_REF,REF_VERSION,VUT
AR-TF1,1713,GRP_FLUX_REF,REF_YEAR,2017
AR-TF1,1714,GRP_FLUX_REF,REF_TIME_RESOLUTION,HH
AR-TF1,1714,GRP_FLUX_REF,REF_USTAR_PERCENTILE,48.75
AR-TF1,1714,GRP_FLUX_REF,REF_USTAR_THRESHOLD,0.17340999999999998
AR-TF1,1714,GRP_FLUX_REF,REF_VARIABLE,RECO_DT
AR-TF1,1714,GRP_FLUX_REF,REF_VERSION,VUT
AR-TF1,1714,GRP_FLUX_REF,REF_YEAR,2018
AR-TF1,1715,GRP_FLUX_REF,REF_TIME_RESOLUTION,DD
AR-TF1,1715,GRP_FLUX_REF,REF_USTAR_PERCENTILE,53.75
AR-TF1,1715,GRP_FLUX_REF,REF_USTAR_THRESHOLD,0.197707
AR-TF1,1715,GRP_FLUX_REF,REF_VARIABLE,RECO_DT
AR-TF1,1715,GRP_FLUX_REF,REF_VERSION,CUT
AR-TF1,1716,GRP_FLUX_REF,REF_TIME_RESOLUTION,DD
AR-TF1,1716,GRP_FLUX_REF,REF_USTAR_PERCENTILE,48.75
AR-TF1,1716,GRP_FLUX_REF,REF_USTAR_THRESHOLD,0.19561199999999998
AR-TF1,1716,GRP_FLUX_REF,REF_VARIABLE,RECO_DT
AR-TF1,1716,GRP_FLUX_REF,REF_VERSION,VUT
AR-TF1,1716,GRP_FLUX_REF,REF_YEAR,2016
AR-TF1,1717,GRP_FLUX_REF,REF_TIME_RESOLUTION,DD
AR-TF1,1717,GRP_FLUX_REF,REF_USTAR_PERCENTILE,48.75
AR-TF1,1717,GRP_FLUX_REF,REF_USTAR_THRESHOLD,0.19107000000000002
AR-TF1,1717,GRP_FLUX_REF,REF_VARIABLE,RECO_DT
AR-TF1,1717,GRP_FLUX_REF,REF_VERSION,VUT
AR-TF1,1717,GRP_FLUX_REF,REF_YEAR,2017
AR-TF1,1718,GRP_FLUX_REF,REF_TIME_RESOLUTION,DD
AR-TF1,1718,GRP_FLUX_REF,REF_USTAR_PERCENTILE,48.75
AR-TF1,1718,GRP_FLUX_REF,REF_USTAR_THRESHOLD,0.17340999999999998
AR-TF1,1718,GRP_FLUX_REF,REF_VARIABLE,RECO_DT
AR-TF1,1718,GRP_FLUX_REF,REF_VERSION,VUT
AR-TF1,1718,GRP_FLUX_REF,REF_YEAR,2018
AR-TF1,1719,GRP_FLUX_REF,REF_TIME_RESOLUTION,WW
AR-TF1,1719,GRP_FLUX_REF,REF_USTAR_PERCENTILE,51.25
AR-TF1,1719,GRP_FLUX_REF,REF_USTAR_THRESHOLD,0.193497
AR-TF1,1719,GRP_FLUX_REF,REF_VARIABLE,RECO_DT
AR-TF1,1719,GRP_FLUX_REF,REF_VERSION,CUT
AR-TF1,1720,GRP_FLUX_REF,REF_TIME_RESOLUTION,WW
AR-TF1,1720,GRP_FLUX_REF,REF_USTAR_PERCENTILE,51.25
AR-TF1,1720,GRP_FLUX_REF,REF_USTAR_THRESHOLD,0.198052
AR-TF1,1720,GRP_FLUX_REF,REF_VARIABLE,RECO_DT
AR-TF1,1720,GRP_FLUX_REF,REF_VERSION,VUT
AR-TF1,1720,GRP_FLUX_REF,REF_YEAR,2016
AR-TF1,1721,GRP_FLUX_REF,REF_TIME_RESOLUTION,WW
AR-TF1,1721,GRP_FLUX_REF,REF_USTAR_PERCENTILE,51.25
AR-TF1,1721,GRP_FLUX_REF,REF_USTAR_THRESHOLD,0.193497
AR-TF1,1721,GRP_FLUX_REF,REF_VARIABLE,RECO_DT
AR-TF1,1721,GRP_FLUX_REF,REF_VERSION,VUT
AR-TF1,1721,GRP_FLUX_REF,REF_YEAR,2017
AR-TF1,1722,GRP_FLUX_REF,REF_TIME_RESOLUTION,WW
AR-TF1,1722,GRP_FLUX_REF,REF_USTAR_PERCENTILE,51.25
AR-TF1,1722,GRP_FLUX_REF,REF_USTAR_THRESHOLD,0.176757
AR-TF1,1722,GRP_FLUX_REF,REF_VARIABLE,RECO_DT
AR-TF1,1722,GRP_FLUX_REF,REF_VERSION,VUT
AR-TF1,1722,GRP_FLUX_REF,REF_YEAR,2018
AR-TF1,1723,GRP_FLUX_REF,REF_TIME_RESOLUTION,MM
AR-TF1,1723,GRP_FLUX_REF,REF_USTAR_PERCENTILE,38.75
AR-TF1,1723,GRP_FLUX_REF,REF_USTAR_THRESHOLD,0.17716500000000002
AR-TF1,1723,GRP_FLUX_REF,REF_VARIABLE,RECO_DT
AR-TF1,1723,GRP_FLUX_REF,REF_VERSION,CUT
AR-TF1,1724,GRP_FLUX_REF,REF_TIME_RESOLUTION,MM
AR-TF1,1724,GRP_FLUX_REF,REF_USTAR_PERCENTILE,56.25
AR-TF1,1724,GRP_FLUX_REF,REF_USTAR_THRESHOLD,0.208179
AR-TF1,1724,GRP_FLUX_REF,REF_VARIABLE,RECO_DT
AR-TF1,1724,GRP_FLUX_REF,REF_VERSION,VUT
AR-TF1,1724,GRP_FLUX_REF,REF_YEAR,2016
AR-TF1,1725,GRP_FLUX_REF,REF_TIME_RESOLUTION,MM
AR-TF1,1725,GRP_FLUX_REF,REF_USTAR_PERCENTILE,56.25
AR-TF1,1725,GRP_FLUX_REF,REF_USTAR_THRESHOLD,0.201206
AR-TF1,1725,GRP_FLUX_REF,REF_VARIABLE,RECO_DT
AR-TF1,1725,GRP_FLUX_REF,REF_VERSION,VUT
AR-TF1,1725,GRP_FLUX_REF,REF_YEAR,2017
AR-TF1,1726,GRP_FLUX_REF,REF_TIME_RESOLUTION,MM
AR-TF1,1726,GRP_FLUX_REF,REF_USTAR_PERCENTILE,56.25
AR-TF1,1726,GRP_FLUX_REF,REF_USTAR_THRESHOLD,0.181329
AR-TF1,1726,GRP_FLUX_REF,REF_VARIABLE,RECO_DT
AR-TF1,1726,GRP_FLUX_REF,REF_VERSION,VUT
AR-TF1,1726,GRP_FLUX_REF,REF_YEAR,2018
AR-TF1,1727,GRP_FLUX_REF,REF_TIME_RESOLUTION,YY
AR-TF1,1727,GRP_FLUX_REF,REF_USTAR_PERCENTILE,88.75
AR-TF1,1727,GRP_FLUX_REF,REF_USTAR_THRESHOLD,0.27613200000000004
AR-TF1,1727,GRP_FLUX_REF,REF_VARIABLE,RECO_DT
AR-TF1,1727,GRP_FLUX_REF,REF_VERSION,CUT
AR-TF1,1728,GRP_FLUX_REF,REF_TIME_RESOLUTION,YY
AR-TF1,1728,GRP_FLUX_REF,REF_USTAR_PERCENTILE,86.25
AR-TF1,1728,GRP_FLUX_REF,REF_USTAR_THRESHOLD,0.262947
AR-TF1,1728,GRP_FLUX_REF,REF_VARIABLE,RECO_DT
AR-TF1,1728,GRP_FLUX_REF,REF_VERSION,VUT
AR-TF1,1728,GRP_FLUX_REF,REF_YEAR,2016
AR-TF1,1729,GRP_FLUX_REF,REF_TIME_RESOLUTION,YY
AR-TF1,1729,GRP_FLUX_REF,REF_USTAR_PERCENTILE,86.25
AR-TF1,1729,GRP_FLUX_REF,REF_USTAR_THRESHOLD,0.260473
AR-TF1,1729,GRP_FLUX_REF,REF_VARIABLE,RECO_DT
AR-TF1,1729,GRP_FLUX_REF,REF_VERSION,VUT
AR-TF1,1729,GRP_FLUX_REF,REF_YEAR,2017
AR-TF1,1730,GRP_FLUX_REF,REF_TIME_RESOLUTION,YY
AR-TF1,1730,GRP_FLUX_REF,REF_USTAR_PERCENTILE,86.25
AR-TF1,1730,GRP_FLUX_REF,REF_USTAR_THRESHOLD,0.232121
AR-TF1,1730,GRP_FLUX_REF,REF_VARIABLE,RECO_DT
AR-TF1,1730,GRP_FLUX_REF,REF_VERSION,VUT
AR-TF1,1730,GRP_FLUX_REF,REF_YEAR,2018
AR-TF1,1731,GRP_FLUX_REF,REF_TIME_RESOLUTION,HH
AR-TF1,1731,GRP_FLUX_REF,REF_USTAR_PERCENTILE,38.75
AR-TF1,1731,GRP_FLUX_REF,REF_USTAR_THRESHOLD,0.17716500000000002
AR-TF1,1731,GRP_FLUX_REF,REF_VARIABLE,GPP_DT
AR-TF1,1731,GRP_FLUX_REF,REF_VERSION,CUT
AR-TF1,1732,GRP_FLUX_REF,REF_TIME_RESOLUTION,HH
AR-TF1,1732,GRP_FLUX_REF,REF_USTAR_PERCENTILE,51.25
AR-TF1,1732,GRP_FLUX_REF,REF_USTAR_THRESHOLD,0.198052
AR-TF1,1732,GRP_FLUX_REF,REF_VARIABLE,GPP_DT
AR-TF1,1732,GRP_FLUX_REF,REF_VERSION,VUT
AR-TF1,1732,GRP_FLUX_REF,REF_YEAR,2016
AR-TF1,1733,GRP_FLUX_REF,REF_TIME_RESOLUTION,HH
AR-TF1,1733,GRP_FLUX_REF,REF_USTAR_PERCENTILE,51.25
AR-TF1,1733,GRP_FLUX_REF,REF_USTAR_THRESHOLD,0.193497
AR-TF1,1733,GRP_FLUX_REF,REF_VARIABLE,GPP_DT
AR-TF1,1733,GRP_FLUX_REF,REF_VERSION,VUT
AR-TF1,1733,GRP_FLUX_REF,REF_YEAR,2017
AR-TF1,1734,GRP_FLUX_REF,REF_TIME_RESOLUTION,HH
AR-TF1,1734,GRP_FLUX_REF,REF_USTAR_PERCENTILE,51.25
AR-TF1,1734,GRP_FLUX_REF,REF_USTAR_THRESHOLD,0.176757
AR-TF1,1734,GRP_FLUX_REF,REF_VARIABLE,GPP_DT
AR-TF1,1734,GRP_FLUX_REF,REF_VERSION,VUT
AR-TF1,1734,GRP_FLUX_REF,REF_YEAR,2018
AR-TF1,1735,GRP_FLUX_REF,REF_TIME_RESOLUTION,DD
AR-TF1,1735,GRP_FLUX_REF,REF_USTAR_PERCENTILE,38.75
AR-TF1,1735,GRP_FLUX_REF,REF_USTAR_THRESHOLD,0.17716500000000002
AR-TF1,1735,GRP_FLUX_REF,REF_VARIABLE,GPP_DT
AR-TF1,1735,GRP_FLUX_REF,REF_VERSION,CUT
AR-TF1,1736,GRP_FLUX_REF,REF_TIME_RESOLUTION,DD
AR-TF1,1736,GRP_FLUX_REF,REF_USTAR_PERCENTILE,51.25
AR-TF1,1736,GRP_FLUX_REF,REF_USTAR_THRESHOLD,0.198052
AR-TF1,1736,GRP_FLUX_REF,REF_VARIABLE,GPP_DT
AR-TF1,1736,GRP_FLUX_REF,REF_VERSION,VUT
AR-TF1,1736,GRP_FLUX_REF,REF_YEAR,2016
AR-TF1,1737,GRP_FLUX_REF,REF_TIME_RESOLUTION,DD
AR-TF1,1737,GRP_FLUX_REF,REF_USTAR_PERCENTILE,51.25
AR-TF1,1737,GRP_FLUX_REF,REF_USTAR_THRESHOLD,0.193497
AR-TF1,1737,GRP_FLUX_REF,REF_VARIABLE,GPP_DT
AR-TF1,1737,GRP_FLUX_REF,REF_VERSION,VUT
AR-TF1,1737,GRP_FLUX_REF,REF_YEAR,2017
AR-TF1,1738,GRP_FLUX_REF,REF_TIME_RESOLUTION,DD
AR-TF1,1738,GRP_FLUX_REF,REF_USTAR_PERCENTILE,51.25
AR-TF1,1738,GRP_FLUX_REF,REF_USTAR_THRESHOLD,0.176757
AR-TF1,1738,GRP_FLUX_REF,REF_VARIABLE,GPP_DT
AR-TF1,1738,GRP_FLUX_REF,REF_VERSION,VUT
AR-TF1,1738,GRP_FLUX_REF,REF_YEAR,2018
AR-TF1,1739,GRP_FLUX_REF,REF_TIME_RESOLUTION,WW
AR-TF1,1739,GRP_FLUX_REF,REF_USTAR_PERCENTILE,38.75
AR-TF1,1739,GRP_FLUX_REF,REF_USTAR_THRESHOLD,0.17716500000000002
AR-TF1,1739,GRP_FLUX_REF,REF_VARIABLE,GPP_DT
AR-TF1,1739,GRP_FLUX_REF,REF_VERSION,CUT
AR-TF1,1740,GRP_FLUX_REF,REF_TIME_RESOLUTION,WW
AR-TF1,1740,GRP_FLUX_REF,REF_USTAR_PERCENTILE,51.25
AR-TF1,1740,GRP_FLUX_REF,REF_USTAR_THRESHOLD,0.198052
AR-TF1,1740,GRP_FLUX_REF,REF_VARIABLE,GPP_DT
AR-TF1,1740,GRP_FLUX_REF,REF_VERSION,VUT
AR-TF1,1740,GRP_FLUX_REF,REF_YEAR,2016
AR-TF1,1741,GRP_FLUX_REF,REF_TIME_RESOLUTION,WW
AR-TF1,1741,GRP_FLUX_REF,REF_USTAR_PERCENTILE,51.25
AR-TF1,1741,GRP_FLUX_REF,REF_USTAR_THRESHOLD,0.193497
AR-TF1,1741,GRP_FLUX_REF,REF_VARIABLE,GPP_DT
AR-TF1,1741,GRP_FLUX_REF,REF_VERSION,VUT
AR-TF1,1741,GRP_FLUX_REF,REF_YEAR,2017
AR-TF1,1742,GRP_FLUX_REF,REF_TIME_RESOLUTION,WW
AR-TF1,1742,GRP_FLUX_REF,REF_USTAR_PERCENTILE,51.25
AR-TF1,1742,GRP_FLUX_REF,REF_USTAR_THRESHOLD,0.176757
AR-TF1,1742,GRP_FLUX_REF,REF_VARIABLE,GPP_DT
AR-TF1,1742,GRP_FLUX_REF,REF_VERSION,VUT
AR-TF1,1742,GRP_FLUX_REF,REF_YEAR,2018
AR-TF1,1743,GRP_FLUX_REF,REF_TIME_RESOLUTION,MM
AR-TF1,1743,GRP_FLUX_REF,REF_USTAR_PERCENTILE,33.75
AR-TF1,1743,GRP_FLUX_REF,REF_USTAR_THRESHOLD,0.167504
AR-TF1,1743,GRP_FLUX_REF,REF_VARIABLE,GPP_DT
AR-TF1,1743,GRP_FLUX_REF,REF_VERSION,CUT
AR-TF1,1744,GRP_FLUX_REF,REF_TIME_RESOLUTION,MM
AR-TF1,1744,GRP_FLUX_REF,REF_USTAR_PERCENTILE,16.25
AR-TF1,1744,GRP_FLUX_REF,REF_USTAR_THRESHOLD,0.13633
AR-TF1,1744,GRP_FLUX_REF,REF_VARIABLE,GPP_DT
AR-TF1,1744,GRP_FLUX_REF,REF_VERSION,VUT
AR-TF1,1744,GRP_FLUX_REF,REF_YEAR,2016
AR-TF1,1745,GRP_FLUX_REF,REF_TIME_RESOLUTION,MM
AR-TF1,1745,GRP_FLUX_REF,REF_USTAR_PERCENTILE,16.25
AR-TF1,1745,GRP_FLUX_REF,REF_USTAR_THRESHOLD,0.14023
AR-TF1,1745,GRP_FLUX_REF,REF_VARIABLE,GPP_DT
AR-TF1,1745,GRP_FLUX_REF,REF_VERSION,VUT
AR-TF1,1745,GRP_FLUX_REF,REF_YEAR,2017
AR-TF1,1746,GRP_FLUX_REF,REF_TIME_RESOLUTION,MM
AR-TF1,1746,GRP_FLUX_REF,REF_USTAR_PERCENTILE,16.25
AR-TF1,1746,GRP_FLUX_REF,REF_USTAR_THRESHOLD,0.13026
AR-TF1,1746,GRP_FLUX_REF,REF_VARIABLE,GPP_DT
AR-TF1,1746,GRP_FLUX_REF,REF_VERSION,VUT
AR-TF1,1746,GRP_FLUX_REF,REF_YEAR,2018
AR-TF1,1747,GRP_FLUX_REF,REF_TIME_RESOLUTION,YY
AR-TF1,1747,GRP_FLUX_REF,REF_USTAR_PERCENTILE,93.75
AR-TF1,1747,GRP_FLUX_REF,REF_USTAR_THRESHOLD,0.295018
AR-TF1,1747,GRP_FLUX_REF,REF_VARIABLE,GPP_DT
AR-TF1,1747,GRP_FLUX_REF,REF_VERSION,CUT
AR-TF1,1748,GRP_FLUX_REF,REF_TIME_RESOLUTION,YY
AR-TF1,1748,GRP_FLUX_REF,REF_USTAR_PERCENTILE,96.25
AR-TF1,1748,GRP_FLUX_REF,REF_USTAR_THRESHOLD,0.311582
AR-TF1,1748,GRP_FLUX_REF,REF_VARIABLE,GPP_DT
AR-TF1,1748,GRP_FLUX_REF,REF_VERSION,VUT
AR-TF1,1748,GRP_FLUX_REF,REF_YEAR,2016
AR-TF1,1749,GRP_FLUX_REF,REF_TIME_RESOLUTION,YY
AR-TF1,1749,GRP_FLUX_REF,REF_USTAR_PERCENTILE,96.25
AR-TF1,1749,GRP_FLUX_REF,REF_USTAR_THRESHOLD,0.307258
AR-TF1,1749,GRP_FLUX_REF,REF_VARIABLE,GPP_DT
AR-TF1,1749,GRP_FLUX_REF,REF_VERSION,VUT
AR-TF1,1749,GRP_FLUX_REF,REF_YEAR,2017
AR-TF1,1750,GRP_FLUX_REF,REF_TIME_RESOLUTION,YY
AR-TF1,1750,GRP_FLUX_REF,REF_USTAR_PERCENTILE,96.25
AR-TF1,1750,GRP_FLUX_REF,REF_USTAR_THRESHOLD,0.275432
AR-TF1,1750,GRP_FLUX_REF,REF_VARIABLE,GPP_DT
AR-TF1,1750,GRP_FLUX_REF,REF_VERSION,VUT
AR-TF1,1750,GRP_FLUX_REF,REF_YEAR,2018
